BENCHMARK,ASONDATE,VALUE
NIFTY50,2015-01-12,8323
NIFTY50,2015-01-13,8299.4
NIFTY50,2015-01-14,8277.55
NIFTY50,2015-01-15,8494.15
NIFTY50,2015-01-16,8513.8
NIFTY50,2015-01-19,8550.7
NIFTY50,2015-01-20,8695.6
NIFTY50,2015-01-21,8729.5
NIFTY50,2015-01-22,8761.4
NIFTY50,2015-01-23,8835.6
NIFTY50,2015-01-27,8910.5
NIFTY50,2015-01-28,8914.3
NIFTY50,2015-01-29,8952.35
NIFTY50,2015-01-30,8808.9
NIFTY50,2015-02-02,8797.4
NIFTY50,2015-02-03,8756.55
NIFTY50,2015-02-04,8723.7
NIFTY50,2015-02-05,8711.7
NIFTY50,2015-02-06,8661.05
NIFTY50,2015-02-09,8526.35
NIFTY50,2015-02-10,8565.55
NIFTY50,2015-02-11,8627.4
NIFTY50,2015-02-12,8711.55
NIFTY50,2015-02-13,8805.5
NIFTY50,2015-02-16,8809.35
NIFTY50,2015-02-18,8869.1
NIFTY50,2015-02-19,8895.3
NIFTY50,2015-02-20,8833.6
NIFTY50,2015-02-23,8754.95
NIFTY50,2015-02-24,8762.1
NIFTY50,2015-02-25,8767.25
NIFTY50,2015-02-26,8683.85
NIFTY50,2015-02-27,8844.6
NIFTY50,2015-02-28,8901.85
NIFTY50,2015-03-02,8956.75
NIFTY50,2015-03-03,8996.25
NIFTY50,2015-03-04,8922.65
NIFTY50,2015-03-05,8937.75
NIFTY50,2015-03-09,8756.75
NIFTY50,2015-03-10,8712.05
NIFTY50,2015-03-11,8699.95
NIFTY50,2015-03-12,8776
NIFTY50,2015-03-13,8647.75
NIFTY50,2015-03-16,8633.15
NIFTY50,2015-03-17,8723.3
NIFTY50,2015-03-18,8685.9
NIFTY50,2015-03-19,8634.65
NIFTY50,2015-03-20,8570.9
NIFTY50,2015-03-23,8550.9
NIFTY50,2015-03-24,8542.95
NIFTY50,2015-03-25,8530.8
NIFTY50,2015-03-26,8342.15
NIFTY50,2015-03-27,8341.4
NIFTY50,2015-03-30,8492.3
NIFTY50,2015-03-31,8491
NIFTY50,2015-04-01,8586.25
NIFTY50,2015-04-06,8659.9
NIFTY50,2015-04-07,8660.3
NIFTY50,2015-04-08,8714.4
NIFTY50,2015-04-09,8778.3
NIFTY50,2015-04-10,8780.35
NIFTY50,2015-04-13,8834
NIFTY50,2015-04-15,8750.2
NIFTY50,2015-04-16,8706.7
NIFTY50,2015-04-17,8606
NIFTY50,2015-04-20,8448.1
NIFTY50,2015-04-21,8377.75
NIFTY50,2015-04-22,8429.7
NIFTY50,2015-04-23,8398.3
NIFTY50,2015-04-24,8305.25
NIFTY50,2015-04-27,8213.8
NIFTY50,2015-04-28,8285.6
NIFTY50,2015-04-29,8239.75
NIFTY50,2015-04-30,8181.5
NIFTY50,2015-05-04,8331.95
NIFTY50,2015-05-05,8324.8
NIFTY50,2015-05-06,8097
NIFTY50,2015-05-07,8057.3
NIFTY50,2015-05-08,8191.5
NIFTY50,2015-05-11,8325.25
NIFTY50,2015-05-12,8126.95
NIFTY50,2015-05-13,8235.45
NIFTY50,2015-05-14,8224.2
NIFTY50,2015-05-15,8262.35
NIFTY50,2015-05-18,8373.65
NIFTY50,2015-05-19,8365.65
NIFTY50,2015-05-20,8423.25
NIFTY50,2015-05-21,8421
NIFTY50,2015-05-22,8458.95
NIFTY50,2015-05-25,8370.25
NIFTY50,2015-05-26,8339.35
NIFTY50,2015-05-27,8334.6
NIFTY50,2015-05-28,8319
NIFTY50,2015-05-29,8433.65
NIFTY50,2015-06-01,8433.4
NIFTY50,2015-06-02,8236.45
NIFTY50,2015-06-03,8135.1
NIFTY50,2015-06-04,8130.65
NIFTY50,2015-06-05,8114.7
NIFTY50,2015-06-08,8044.15
NIFTY50,2015-06-09,8022.4
NIFTY50,2015-06-10,8124.45
NIFTY50,2015-06-11,7965.35
NIFTY50,2015-06-12,7982.9
NIFTY50,2015-06-15,8013.9
NIFTY50,2015-06-16,8047.3
NIFTY50,2015-06-17,8091.55
NIFTY50,2015-06-18,8174.6
NIFTY50,2015-06-19,8224.95
NIFTY50,2015-06-22,8353.1
NIFTY50,2015-06-23,8381.55
NIFTY50,2015-06-24,8360.85
NIFTY50,2015-06-25,8398
NIFTY50,2015-06-26,8381.1
NIFTY50,2015-06-29,8318.4
NIFTY50,2015-06-30,8368.5
NIFTY50,2015-07-01,8453.05
NIFTY50,2015-07-02,8444.9
NIFTY50,2015-07-03,8484.9
NIFTY50,2015-07-06,8522.15
NIFTY50,2015-07-07,8510.8
NIFTY50,2015-07-08,8363.05
NIFTY50,2015-07-09,8328.55
NIFTY50,2015-07-10,8360.55
NIFTY50,2015-07-13,8459.65
NIFTY50,2015-07-14,8454.1
NIFTY50,2015-07-15,8523.8
NIFTY50,2015-07-16,8608.05
NIFTY50,2015-07-17,8609.85
NIFTY50,2015-07-20,8603.45
NIFTY50,2015-07-21,8529.45
NIFTY50,2015-07-22,8633.5
NIFTY50,2015-07-23,8589.8
NIFTY50,2015-07-24,8521.55
NIFTY50,2015-07-27,8361
NIFTY50,2015-07-28,8337
NIFTY50,2015-07-29,8375.05
NIFTY50,2015-07-30,8421.8
NIFTY50,2015-07-31,8532.85
NIFTY50,2015-08-03,8543.05
NIFTY50,2015-08-04,8516.9
NIFTY50,2015-08-05,8567.95
NIFTY50,2015-08-06,8588.65
NIFTY50,2015-08-07,8564.6
NIFTY50,2015-08-10,8525.6
NIFTY50,2015-08-11,8462.35
NIFTY50,2015-08-12,8349.45
NIFTY50,2015-08-13,8355.85
NIFTY50,2015-08-14,8518.55
NIFTY50,2015-08-17,8477.3
NIFTY50,2015-08-18,8466.55
NIFTY50,2015-08-19,8495.15
NIFTY50,2015-08-20,8372.75
NIFTY50,2015-08-21,8299.95
NIFTY50,2015-08-24,7809
NIFTY50,2015-08-25,7880.7
NIFTY50,2015-08-26,7791.85
NIFTY50,2015-08-27,7948.95
NIFTY50,2015-08-28,8001.95
NIFTY50,2015-08-31,7971.3
NIFTY50,2015-09-01,7785.85
NIFTY50,2015-09-02,7717
NIFTY50,2015-09-03,7823
NIFTY50,2015-09-04,7655.05
NIFTY50,2015-09-07,7558.8
NIFTY50,2015-09-08,7688.25
NIFTY50,2015-09-09,7818.6
NIFTY50,2015-09-10,7788.1
NIFTY50,2015-09-11,7789.3
NIFTY50,2015-09-14,7872.25
NIFTY50,2015-09-15,7829.1
NIFTY50,2015-09-16,7899.15
NIFTY50,2015-09-18,7981.9
NIFTY50,2015-09-21,7977.1
NIFTY50,2015-09-22,7812
NIFTY50,2015-09-23,7845.95
NIFTY50,2015-09-24,7868.5
NIFTY50,2015-09-28,7795.7
NIFTY50,2015-09-29,7843.3
NIFTY50,2015-09-30,7948.9
NIFTY50,2015-10-01,7950.9
NIFTY50,2015-10-05,8119.3
NIFTY50,2015-10-06,8152.9
NIFTY50,2015-10-07,8177.4
NIFTY50,2015-10-08,8129.35
NIFTY50,2015-10-09,8189.7
NIFTY50,2015-10-12,8143.6
NIFTY50,2015-10-13,8131.7
NIFTY50,2015-10-14,8107.9
NIFTY50,2015-10-15,8179.5
NIFTY50,2015-10-16,8238.15
NIFTY50,2015-10-19,8275.05
NIFTY50,2015-10-20,8261.65
NIFTY50,2015-10-21,8251.7
NIFTY50,2015-10-23,8295.45
NIFTY50,2015-10-26,8260.55
NIFTY50,2015-10-27,8232.9
NIFTY50,2015-10-28,8171.2
NIFTY50,2015-10-29,8111.75
NIFTY50,2015-10-30,8065.8
NIFTY50,2015-11-02,8050.8
NIFTY50,2015-11-03,8060.7
NIFTY50,2015-11-04,8040.2
NIFTY50,2015-11-05,7955.45
NIFTY50,2015-11-06,7954.3
NIFTY50,2015-11-09,7915.2
NIFTY50,2015-11-10,7783.35
NIFTY50,2015-11-11,7825
NIFTY50,2015-11-13,7762.25
NIFTY50,2015-11-16,7806.6
NIFTY50,2015-11-17,7837.55
NIFTY50,2015-11-18,7731.8
NIFTY50,2015-11-19,7842.75
NIFTY50,2015-11-20,7856.55
NIFTY50,2015-11-23,7849.25
NIFTY50,2015-11-24,7831.6
NIFTY50,2015-11-26,7883.8
NIFTY50,2015-11-27,7942.7
NIFTY50,2015-11-30,7935.25
NIFTY50,2015-12-01,7954.9
NIFTY50,2015-12-02,7931.35
NIFTY50,2015-12-03,7864.15
NIFTY50,2015-12-04,7781.9
NIFTY50,2015-12-07,7765.4
NIFTY50,2015-12-08,7701.7
NIFTY50,2015-12-09,7612.5
NIFTY50,2015-12-10,7683.3
NIFTY50,2015-12-11,7610.45
NIFTY50,2015-12-14,7650.05
NIFTY50,2015-12-15,7700.9
NIFTY50,2015-12-16,7750.9
NIFTY50,2015-12-17,7844.35
NIFTY50,2015-12-18,7761.95
NIFTY50,2015-12-21,7834.45
NIFTY50,2015-12-22,7786.1
NIFTY50,2015-12-23,7865.95
NIFTY50,2015-12-24,7861.05
NIFTY50,2015-12-28,7925.15
NIFTY50,2015-12-29,7928.95
NIFTY50,2015-12-30,7896.25
NIFTY50,2015-12-31,7946.35
NIFTY50,2016-01-01,7963.2
NIFTY50,2016-01-04,7791.3
NIFTY50,2016-01-05,7784.65
NIFTY50,2016-01-06,7741
NIFTY50,2016-01-07,7568.3
NIFTY50,2016-01-08,7601.35
NIFTY50,2016-01-11,7563.85
NIFTY50,2016-01-12,7510.3
NIFTY50,2016-01-13,7562.4
NIFTY50,2016-01-14,7536.8
NIFTY50,2016-01-15,7437.8
NIFTY50,2016-01-18,7351
NIFTY50,2016-01-19,7435.1
NIFTY50,2016-01-20,7309.3
NIFTY50,2016-01-21,7276.8
NIFTY50,2016-01-22,7422.45
NIFTY50,2016-01-25,7436.15
NIFTY50,2016-01-27,7437.75
NIFTY50,2016-01-28,7424.65
NIFTY50,2016-01-29,7563.55
NIFTY50,2016-02-01,7555.95
NIFTY50,2016-02-02,7455.55
NIFTY50,2016-02-03,7361.8
NIFTY50,2016-02-04,7404
NIFTY50,2016-02-05,7489.1
NIFTY50,2016-02-08,7387.25
NIFTY50,2016-02-09,7298.2
NIFTY50,2016-02-10,7215.7
NIFTY50,2016-02-11,6976.35
NIFTY50,2016-02-12,6980.95
NIFTY50,2016-02-15,7162.95
NIFTY50,2016-02-16,7048.25
NIFTY50,2016-02-17,7108.45
NIFTY50,2016-02-18,7191.75
NIFTY50,2016-02-19,7210.75
NIFTY50,2016-02-22,7234.55
NIFTY50,2016-02-23,7109.55
NIFTY50,2016-02-24,7018.7
NIFTY50,2016-02-25,6970.6
NIFTY50,2016-02-26,7029.75
NIFTY50,2016-02-29,6987.05
NIFTY50,2016-03-01,7222.3
NIFTY50,2016-03-02,7368.85
NIFTY50,2016-03-03,7475.6
NIFTY50,2016-03-04,7485.35
NIFTY50,2016-03-08,7485.3
NIFTY50,2016-03-09,7531.8
NIFTY50,2016-03-10,7486.15
NIFTY50,2016-03-11,7510.2
NIFTY50,2016-03-14,7538.75
NIFTY50,2016-03-15,7460.6
NIFTY50,2016-03-16,7498.75
NIFTY50,2016-03-17,7512.55
NIFTY50,2016-03-18,7604.35
NIFTY50,2016-03-21,7704.25
NIFTY50,2016-03-22,7714.9
NIFTY50,2016-03-23,7716.5
NIFTY50,2016-03-28,7615.1
NIFTY50,2016-03-29,7597
NIFTY50,2016-03-30,7735.2
NIFTY50,2016-03-31,7738.4
NIFTY50,2016-04-01,7713.05
NIFTY50,2016-04-04,7758.8
NIFTY50,2016-04-05,7603.2
NIFTY50,2016-04-06,7614.35
NIFTY50,2016-04-07,7546.45
NIFTY50,2016-04-08,7555.2
NIFTY50,2016-04-11,7671.4
NIFTY50,2016-04-12,7708.95
NIFTY50,2016-04-13,7850.45
NIFTY50,2016-04-18,7914.7
NIFTY50,2016-04-20,7914.75
NIFTY50,2016-04-21,7912.05
NIFTY50,2016-04-22,7899.3
NIFTY50,2016-04-25,7855.05
NIFTY50,2016-04-26,7962.65
NIFTY50,2016-04-27,7979.9
NIFTY50,2016-04-28,7847.25
NIFTY50,2016-04-29,7849.8
NIFTY50,2016-05-02,7805.9
NIFTY50,2016-05-03,7747
NIFTY50,2016-05-04,7706.55
NIFTY50,2016-05-05,7735.5
NIFTY50,2016-05-06,7733.45
NIFTY50,2016-05-09,7866.05
NIFTY50,2016-05-10,7887.8
NIFTY50,2016-05-11,7848.85
NIFTY50,2016-05-12,7900.4
NIFTY50,2016-05-13,7814.9
NIFTY50,2016-05-16,7860.75
NIFTY50,2016-05-17,7890.75
NIFTY50,2016-05-18,7870.15
NIFTY50,2016-05-19,7783.4
NIFTY50,2016-05-20,7749.7
NIFTY50,2016-05-23,7731.05
NIFTY50,2016-05-24,7748.85
NIFTY50,2016-05-25,7934.9
NIFTY50,2016-05-26,8069.65
NIFTY50,2016-05-27,8156.65
NIFTY50,2016-05-30,8178.5
NIFTY50,2016-05-31,8160.1
NIFTY50,2016-06-01,8179.95
NIFTY50,2016-06-02,8218.95
NIFTY50,2016-06-03,8220.8
NIFTY50,2016-06-06,8201.05
NIFTY50,2016-06-07,8266.45
NIFTY50,2016-06-08,8273.05
NIFTY50,2016-06-09,8203.6
NIFTY50,2016-06-10,8170.05
NIFTY50,2016-06-13,8110.6
NIFTY50,2016-06-14,8108.85
NIFTY50,2016-06-15,8206.6
NIFTY50,2016-06-16,8140.75
NIFTY50,2016-06-17,8170.2
NIFTY50,2016-06-20,8238.5
NIFTY50,2016-06-21,8219.9
NIFTY50,2016-06-22,8203.7
NIFTY50,2016-06-23,8270.45
NIFTY50,2016-06-24,8088.6
NIFTY50,2016-06-27,8094.7
NIFTY50,2016-06-28,8127.85
NIFTY50,2016-06-29,8204
NIFTY50,2016-06-30,8287.75
NIFTY50,2016-07-01,8328.35
NIFTY50,2016-07-04,8370.7
NIFTY50,2016-07-05,8335.95
NIFTY50,2016-07-07,8337.9
NIFTY50,2016-07-08,8323.2
NIFTY50,2016-07-11,8467.9
NIFTY50,2016-07-12,8521.05
NIFTY50,2016-07-13,8519.5
NIFTY50,2016-07-14,8565
NIFTY50,2016-07-15,8541.4
NIFTY50,2016-07-18,8508.7
NIFTY50,2016-07-19,8528.55
NIFTY50,2016-07-20,8565.85
NIFTY50,2016-07-21,8510.1
NIFTY50,2016-07-22,8541.2
NIFTY50,2016-07-25,8635.65
NIFTY50,2016-07-26,8590.65
NIFTY50,2016-07-27,8615.8
NIFTY50,2016-07-28,8666.3
NIFTY50,2016-07-29,8638.5
NIFTY50,2016-08-01,8636.55
NIFTY50,2016-08-02,8622.9
NIFTY50,2016-08-03,8544.85
NIFTY50,2016-08-04,8551.1
NIFTY50,2016-08-05,8683.15
NIFTY50,2016-08-08,8711.35
NIFTY50,2016-08-09,8678.25
NIFTY50,2016-08-10,8575.3
NIFTY50,2016-08-11,8592.15
NIFTY50,2016-08-12,8672.15
NIFTY50,2016-08-16,8642.55
NIFTY50,2016-08-17,8624.05
NIFTY50,2016-08-18,8673.25
NIFTY50,2016-08-19,8666.9
NIFTY50,2016-08-22,8629.15
NIFTY50,2016-08-23,8632.6
NIFTY50,2016-08-24,8650.3
NIFTY50,2016-08-25,8592.2
NIFTY50,2016-08-26,8572.55
NIFTY50,2016-08-29,8607.45
NIFTY50,2016-08-30,8744.35
NIFTY50,2016-08-31,8786.2
NIFTY50,2016-09-01,8774.65
NIFTY50,2016-09-02,8809.65
NIFTY50,2016-09-06,8943
NIFTY50,2016-09-07,8917.95
NIFTY50,2016-09-08,8952.5
NIFTY50,2016-09-09,8866.7
NIFTY50,2016-09-12,8715.6
NIFTY50,2016-09-14,8726.6
NIFTY50,2016-09-15,8742.55
NIFTY50,2016-09-16,8779.85
NIFTY50,2016-09-19,8808.4
NIFTY50,2016-09-20,8775.9
NIFTY50,2016-09-21,8777.15
NIFTY50,2016-09-22,8867.45
NIFTY50,2016-09-23,8831.55
NIFTY50,2016-09-26,8723.05
NIFTY50,2016-09-27,8706.4
NIFTY50,2016-09-28,8745.15
NIFTY50,2016-09-29,8591.25
NIFTY50,2016-09-30,8611.15
NIFTY50,2016-10-03,8738.1
NIFTY50,2016-10-04,8769.15
NIFTY50,2016-10-05,8743.95
NIFTY50,2016-10-06,8709.55
NIFTY50,2016-10-07,8697.6
NIFTY50,2016-10-10,8708.8
NIFTY50,2016-10-13,8573.35
NIFTY50,2016-10-14,8583.4
NIFTY50,2016-10-17,8520.4
NIFTY50,2016-10-18,8677.9
NIFTY50,2016-10-19,8659.1
NIFTY50,2016-10-20,8699.4
NIFTY50,2016-10-21,8693.05
NIFTY50,2016-10-24,8708.95
NIFTY50,2016-10-25,8691.3
NIFTY50,2016-10-26,8615.25
NIFTY50,2016-10-27,8615.25
NIFTY50,2016-10-28,8638
NIFTY50,2016-10-30,8625.7
NIFTY50,2016-11-01,8626.25
NIFTY50,2016-11-02,8514
NIFTY50,2016-11-03,8484.95
NIFTY50,2016-11-04,8433.75
NIFTY50,2016-11-07,8497.05
NIFTY50,2016-11-08,8543.55
NIFTY50,2016-11-09,8432
NIFTY50,2016-11-10,8525.75
NIFTY50,2016-11-11,8296.3
NIFTY50,2016-11-15,8108.45
NIFTY50,2016-11-16,8111.6
NIFTY50,2016-11-17,8079.95
NIFTY50,2016-11-18,8074.1
NIFTY50,2016-11-21,7929.1
NIFTY50,2016-11-22,8002.3
NIFTY50,2016-11-23,8033.3
NIFTY50,2016-11-24,7965.5
NIFTY50,2016-11-25,8114.3
NIFTY50,2016-11-28,8126.9
NIFTY50,2016-11-29,8142.15
NIFTY50,2016-11-30,8224.5
NIFTY50,2016-12-01,8192.9
NIFTY50,2016-12-02,8086.8
NIFTY50,2016-12-05,8128.75
NIFTY50,2016-12-06,8143.15
NIFTY50,2016-12-07,8102.05
NIFTY50,2016-12-08,8246.85
NIFTY50,2016-12-09,8261.75
NIFTY50,2016-12-12,8170.8
NIFTY50,2016-12-13,8221.8
NIFTY50,2016-12-14,8182.45
NIFTY50,2016-12-15,8153.6
NIFTY50,2016-12-16,8139.45
NIFTY50,2016-12-19,8104.35
NIFTY50,2016-12-20,8082.4
NIFTY50,2016-12-21,8061.3
NIFTY50,2016-12-22,7979.1
NIFTY50,2016-12-23,7985.75
NIFTY50,2016-12-26,7908.25
NIFTY50,2016-12-27,8032.85
NIFTY50,2016-12-28,8034.85
NIFTY50,2016-12-29,8103.6
NIFTY50,2016-12-30,8185.8
NIFTY50,2017-01-02,8179.5
NIFTY50,2017-01-03,8192.25
NIFTY50,2017-01-04,8190.5
NIFTY50,2017-01-05,8273.8
NIFTY50,2017-01-06,8243.8
NIFTY50,2017-01-09,8236.05
NIFTY50,2017-01-10,8288.6
NIFTY50,2017-01-11,8380.65
NIFTY50,2017-01-12,8407.2
NIFTY50,2017-01-13,8400.35
NIFTY50,2017-01-16,8412.8
NIFTY50,2017-01-17,8398
NIFTY50,2017-01-18,8417
NIFTY50,2017-01-19,8435.1
NIFTY50,2017-01-20,8349.35
NIFTY50,2017-01-23,8391.5
NIFTY50,2017-01-24,8475.8
NIFTY50,2017-01-25,8602.75
NIFTY50,2017-01-27,8641.25
NIFTY50,2017-01-30,8632.75
NIFTY50,2017-01-31,8561.3
NIFTY50,2017-02-01,8716.4
NIFTY50,2017-02-02,8734.25
NIFTY50,2017-02-03,8740.95
NIFTY50,2017-02-06,8801.05
NIFTY50,2017-02-07,8768.3
NIFTY50,2017-02-08,8769.05
NIFTY50,2017-02-09,8778.4
NIFTY50,2017-02-10,8793.55
NIFTY50,2017-02-13,8805.05
NIFTY50,2017-02-14,8792.3
NIFTY50,2017-02-15,8724.7
NIFTY50,2017-02-16,8778
NIFTY50,2017-02-17,8821.7
NIFTY50,2017-02-20,8879.2
NIFTY50,2017-02-21,8907.85
NIFTY50,2017-02-22,8926.9
NIFTY50,2017-02-23,8939.5
NIFTY50,2017-02-27,8896.7
NIFTY50,2017-02-28,8879.6
NIFTY50,2017-03-01,8945.8
NIFTY50,2017-03-02,8899.75
NIFTY50,2017-03-03,8897.55
NIFTY50,2017-03-06,8963.45
NIFTY50,2017-03-07,8946.9
NIFTY50,2017-03-08,8924.3
NIFTY50,2017-03-09,8927
NIFTY50,2017-03-10,8934.55
NIFTY50,2017-03-14,9087
NIFTY50,2017-03-15,9084.8
NIFTY50,2017-03-16,9153.7
NIFTY50,2017-03-17,9160.05
NIFTY50,2017-03-20,9126.85
NIFTY50,2017-03-21,9121.5
NIFTY50,2017-03-22,9030.45
NIFTY50,2017-03-23,9086.3
NIFTY50,2017-03-24,9108
NIFTY50,2017-03-27,9045.2
NIFTY50,2017-03-28,9100.8
NIFTY50,2017-03-29,9143.8
NIFTY50,2017-03-30,9173.75
NIFTY50,2017-03-31,9173.75
NIFTY50,2017-04-03,9237.85
NIFTY50,2017-04-05,9265.15
NIFTY50,2017-04-06,9261.95
NIFTY50,2017-04-07,9198.3
NIFTY50,2017-04-10,9181.45
NIFTY50,2017-04-11,9237
NIFTY50,2017-04-12,9203.45
NIFTY50,2017-04-13,9150.8
NIFTY50,2017-04-17,9139.3
NIFTY50,2017-04-18,9105.15
NIFTY50,2017-04-19,9103.5
NIFTY50,2017-04-20,9136.4
NIFTY50,2017-04-21,9119.4
NIFTY50,2017-04-24,9217.95
NIFTY50,2017-04-25,9306.6
NIFTY50,2017-04-26,9351.85
NIFTY50,2017-04-27,9342.15
NIFTY50,2017-04-28,9304.05
NIFTY50,2017-05-02,9313.8
NIFTY50,2017-05-03,9311.95
NIFTY50,2017-05-04,9359.9
NIFTY50,2017-05-05,9285.3
NIFTY50,2017-05-08,9314.05
NIFTY50,2017-05-09,9316.85
NIFTY50,2017-05-10,9407.3
NIFTY50,2017-05-11,9422.4
NIFTY50,2017-05-12,9400.9
NIFTY50,2017-05-15,9445.4
NIFTY50,2017-05-16,9512.25
NIFTY50,2017-05-17,9525.75
NIFTY50,2017-05-18,9429.45
NIFTY50,2017-05-19,9427.9
NIFTY50,2017-05-22,9438.25
NIFTY50,2017-05-23,9386.15
NIFTY50,2017-05-24,9360.55
NIFTY50,2017-05-25,9509.75
NIFTY50,2017-05-26,9595.1
NIFTY50,2017-05-29,9604.9
NIFTY50,2017-05-30,9624.55
NIFTY50,2017-05-31,9621.25
NIFTY50,2017-06-01,9616.1
NIFTY50,2017-06-02,9653.5
NIFTY50,2017-06-05,9675.1
NIFTY50,2017-06-06,9637.15
NIFTY50,2017-06-07,9663.9
NIFTY50,2017-06-08,9647.25
NIFTY50,2017-06-09,9668.25
NIFTY50,2017-06-12,9616.4
NIFTY50,2017-06-13,9606.9
NIFTY50,2017-06-14,9618.15
NIFTY50,2017-06-15,9578.05
NIFTY50,2017-06-16,9588.05
NIFTY50,2017-06-19,9657.55
NIFTY50,2017-06-20,9653.5
NIFTY50,2017-06-21,9633.6
NIFTY50,2017-06-22,9630
NIFTY50,2017-06-23,9574.95
NIFTY50,2017-06-27,9511.4
NIFTY50,2017-06-28,9491.25
NIFTY50,2017-06-29,9504.1
NIFTY50,2017-06-30,9520.9
NIFTY50,2017-07-03,9615
NIFTY50,2017-07-04,9613.3
NIFTY50,2017-07-05,9637.6
NIFTY50,2017-07-06,9674.55
NIFTY50,2017-07-07,9665.8
NIFTY50,2017-07-10,9771.05
NIFTY50,2017-07-11,9786.05
NIFTY50,2017-07-12,9816.1
NIFTY50,2017-07-13,9891.7
NIFTY50,2017-07-14,9886.35
NIFTY50,2017-07-17,9915.95
NIFTY50,2017-07-18,9827.15
NIFTY50,2017-07-19,9899.6
NIFTY50,2017-07-20,9873.3
NIFTY50,2017-07-21,9915.25
NIFTY50,2017-07-24,9966.4
NIFTY50,2017-07-25,9964.55
NIFTY50,2017-07-26,10020.65
NIFTY50,2017-07-27,10020.55
NIFTY50,2017-07-28,10014.5
NIFTY50,2017-07-31,10077.1
NIFTY50,2017-08-01,10114.65
NIFTY50,2017-08-02,10081.5
NIFTY50,2017-08-03,10013.65
NIFTY50,2017-08-04,10066.4
NIFTY50,2017-08-07,10057.4
NIFTY50,2017-08-08,9978.55
NIFTY50,2017-08-09,9908.05
NIFTY50,2017-08-10,9820.25
NIFTY50,2017-08-11,9710.8
NIFTY50,2017-08-14,9794.15
NIFTY50,2017-08-16,9897.3
NIFTY50,2017-08-17,9904.15
NIFTY50,2017-08-18,9837.4
NIFTY50,2017-08-21,9754.35
NIFTY50,2017-08-22,9765.55
NIFTY50,2017-08-23,9852.5
NIFTY50,2017-08-24,9857.05
NIFTY50,2017-08-28,9912.8
NIFTY50,2017-08-29,9796.05
NIFTY50,2017-08-30,9884.4
NIFTY50,2017-08-31,9917.9
NIFTY50,2017-09-01,9974.4
NIFTY50,2017-09-04,9912.85
NIFTY50,2017-09-05,9952.2
NIFTY50,2017-09-06,9916.2
NIFTY50,2017-09-07,9929.9
NIFTY50,2017-09-08,9934.8
NIFTY50,2017-09-11,10006.05
NIFTY50,2017-09-12,10093.05
NIFTY50,2017-09-13,10079.3
NIFTY50,2017-09-14,10086.6
NIFTY50,2017-09-15,10085.4
NIFTY50,2017-09-18,10153.1
NIFTY50,2017-09-19,10147.55
NIFTY50,2017-09-20,10141.15
NIFTY50,2017-09-21,10121.9
NIFTY50,2017-09-22,9964.4
NIFTY50,2017-09-25,9872.6
NIFTY50,2017-09-26,9871.5
NIFTY50,2017-09-27,9735.75
NIFTY50,2017-09-28,9768.95
NIFTY50,2017-09-29,9788.6
NIFTY50,2017-10-03,9859.5
NIFTY50,2017-10-04,9914.9
NIFTY50,2017-10-05,9888.7
NIFTY50,2017-10-06,9979.7
NIFTY50,2017-10-09,9988.75
NIFTY50,2017-10-10,10016.95
NIFTY50,2017-10-11,9984.8
NIFTY50,2017-10-12,10096.4
NIFTY50,2017-10-13,10167.45
NIFTY50,2017-10-16,10230.85
NIFTY50,2017-10-17,10234.45
NIFTY50,2017-10-18,10210.85
NIFTY50,2017-10-19,10146.55
NIFTY50,2017-10-23,10184.85
NIFTY50,2017-10-24,10207.7
NIFTY50,2017-10-25,10295.35
NIFTY50,2017-10-26,10343.8
NIFTY50,2017-10-27,10323.05
NIFTY50,2017-10-30,10363.65
NIFTY50,2017-10-31,10335.3
NIFTY50,2017-11-01,10440.5
NIFTY50,2017-11-02,10423.8
NIFTY50,2017-11-03,10452.5
NIFTY50,2017-11-06,10451.8
NIFTY50,2017-11-07,10350.15
NIFTY50,2017-11-08,10303.15
NIFTY50,2017-11-09,10308.95
NIFTY50,2017-11-10,10321.75
NIFTY50,2017-11-13,10224.95
NIFTY50,2017-11-14,10186.6
NIFTY50,2017-11-15,10118.05
NIFTY50,2017-11-16,10214.75
NIFTY50,2017-11-17,10283.6
NIFTY50,2017-11-20,10298.75
NIFTY50,2017-11-21,10326.9
NIFTY50,2017-11-22,10342.3
NIFTY50,2017-11-23,10348.75
NIFTY50,2017-11-24,10389.7
NIFTY50,2017-11-27,10399.55
NIFTY50,2017-11-28,10370.25
NIFTY50,2017-11-29,10361.3
NIFTY50,2017-11-30,10226.55
NIFTY50,2017-12-01,10121.8
NIFTY50,2017-12-04,10127.75
NIFTY50,2017-12-05,10118.25
NIFTY50,2017-12-06,10044.1
NIFTY50,2017-12-07,10166.7
NIFTY50,2017-12-08,10265.65
NIFTY50,2017-12-11,10322.25
NIFTY50,2017-12-12,10240.15
NIFTY50,2017-12-13,10192.95
NIFTY50,2017-12-14,10252.1
NIFTY50,2017-12-15,10333.25
NIFTY50,2017-12-18,10388.75
NIFTY50,2017-12-19,10463.2
NIFTY50,2017-12-20,10444.2
NIFTY50,2017-12-21,10440.3
NIFTY50,2017-12-22,10493
NIFTY50,2017-12-26,10531.5
NIFTY50,2017-12-27,10490.75
NIFTY50,2017-12-28,10477.9
NIFTY50,2017-12-29,10530.7
NIFTY50,2018-01-01,10435.55
NIFTY50,2018-01-02,10442.2
NIFTY50,2018-01-03,10443.2
NIFTY50,2018-01-04,10504.8
NIFTY50,2018-01-05,10558.85
NIFTY50,2018-01-08,10623.6
NIFTY50,2018-01-09,10637
NIFTY50,2018-01-10,10632.2
NIFTY50,2018-01-11,10651.2
NIFTY50,2018-01-12,10681.25
NIFTY50,2018-01-15,10741.55
NIFTY50,2018-01-16,10700.45
NIFTY50,2018-01-17,10788.55
NIFTY50,2018-01-18,10817
NIFTY50,2018-01-19,10894.7
NIFTY50,2018-01-22,10966.2
NIFTY50,2018-01-23,11083.7
NIFTY50,2018-01-24,11086
NIFTY50,2018-01-25,11069.65
NIFTY50,2018-01-29,11130.4
NIFTY50,2018-01-30,11049.65
NIFTY50,2018-01-31,11027.7
NIFTY50,2018-02-01,11016.9
NIFTY50,2018-02-02,10760.6
NIFTY50,2018-02-05,10666.55
NIFTY50,2018-02-06,10498.25
NIFTY50,2018-02-07,10476.7
NIFTY50,2018-02-08,10576.85
NIFTY50,2018-02-09,10454.95
NIFTY50,2018-02-12,10539.75
NIFTY50,2018-02-14,10500.9
NIFTY50,2018-02-15,10545.5
NIFTY50,2018-02-16,10452.3
NIFTY50,2018-02-19,10378.4
NIFTY50,2018-02-20,10360.4
NIFTY50,2018-02-21,10397.45
NIFTY50,2018-02-22,10382.7
NIFTY50,2018-02-23,10491.05
NIFTY50,2018-02-26,10582.6
NIFTY50,2018-02-27,10554.3
NIFTY50,2018-02-28,10492.85
NIFTY50,2018-03-01,10458.35
NIFTY50,2018-03-05,10358.85
NIFTY50,2018-03-06,10249.25
NIFTY50,2018-03-07,10154.2
NIFTY50,2018-03-08,10242.65
NIFTY50,2018-03-09,10226.85
NIFTY50,2018-03-12,10421.4
NIFTY50,2018-03-13,10426.85
NIFTY50,2018-03-14,10410.9
NIFTY50,2018-03-15,10360.15
NIFTY50,2018-03-16,10195.15
NIFTY50,2018-03-19,10094.25
NIFTY50,2018-03-20,10124.35
NIFTY50,2018-03-21,10155.25
NIFTY50,2018-03-22,10114.75
NIFTY50,2018-03-23,9998.05
NIFTY50,2018-03-26,10130.65
NIFTY50,2018-03-27,10184.15
NIFTY50,2018-03-28,10113.7
NIFTY50,2018-04-02,10211.8
NIFTY50,2018-04-03,10245
NIFTY50,2018-04-04,10128.4
NIFTY50,2018-04-05,10325.15
NIFTY50,2018-04-06,10331.6
NIFTY50,2018-04-09,10379.35
NIFTY50,2018-04-10,10402.25
NIFTY50,2018-04-11,10417.15
NIFTY50,2018-04-12,10458.65
NIFTY50,2018-04-13,10480.6
NIFTY50,2018-04-16,10528.35
NIFTY50,2018-04-17,10548.7
NIFTY50,2018-04-18,10526.2
NIFTY50,2018-04-19,10565.3
NIFTY50,2018-04-20,10564.05
NIFTY50,2018-04-23,10584.7
NIFTY50,2018-04-24,10614.35
NIFTY50,2018-04-25,10570.55
NIFTY50,2018-04-26,10617.8
NIFTY50,2018-04-27,10692.3
NIFTY50,2018-04-30,10739.35
NIFTY50,2018-05-02,10718.05
NIFTY50,2018-05-03,10679.65
NIFTY50,2018-05-04,10618.25
NIFTY50,2018-05-07,10715.5
NIFTY50,2018-05-08,10717.8
NIFTY50,2018-05-09,10741.7
NIFTY50,2018-05-10,10716.55
NIFTY50,2018-05-11,10806.5
NIFTY50,2018-05-14,10806.6
NIFTY50,2018-05-15,10801.85
NIFTY50,2018-05-16,10741.1
NIFTY50,2018-05-17,10682.7
NIFTY50,2018-05-18,10596.4
NIFTY50,2018-05-21,10516.7
NIFTY50,2018-05-22,10536.7
NIFTY50,2018-05-23,10430.35
NIFTY50,2018-05-24,10513.85
NIFTY50,2018-05-25,10605.15
NIFTY50,2018-05-28,10688.65
NIFTY50,2018-05-29,10633.3
NIFTY50,2018-05-30,10614.35
NIFTY50,2018-05-31,10736.15
NIFTY50,2018-06-01,10696.2
NIFTY50,2018-06-04,10628.5
NIFTY50,2018-06-05,10593.15
NIFTY50,2018-06-06,10684.65
NIFTY50,2018-06-07,10768.35
NIFTY50,2018-06-08,10767.65
NIFTY50,2018-06-11,10786.95
NIFTY50,2018-06-12,10842.85
NIFTY50,2018-06-13,10856.7
NIFTY50,2018-06-14,10808.05
NIFTY50,2018-06-15,10817.7
NIFTY50,2018-06-18,10799.85
NIFTY50,2018-06-19,10710.45
NIFTY50,2018-06-20,10772.05
NIFTY50,2018-06-21,10741.1
NIFTY50,2018-06-22,10821.85
NIFTY50,2018-06-25,10762.45
NIFTY50,2018-06-26,10769.15
NIFTY50,2018-06-27,10671.4
NIFTY50,2018-06-28,10589.1
NIFTY50,2018-06-29,10714.3
NIFTY50,2018-07-02,10657.3
NIFTY50,2018-07-03,10699.9
NIFTY50,2018-07-04,10769.9
NIFTY50,2018-07-05,10749.75
NIFTY50,2018-07-06,10772.65
NIFTY50,2018-07-09,10852.9
NIFTY50,2018-07-10,10947.25
NIFTY50,2018-07-11,10948.3
NIFTY50,2018-07-12,11023.2
NIFTY50,2018-07-13,11018.9
NIFTY50,2018-07-16,10936.85
NIFTY50,2018-07-17,11008.05
NIFTY50,2018-07-18,10980.45
NIFTY50,2018-07-19,10957.1
NIFTY50,2018-07-20,11010.2
NIFTY50,2018-07-23,11084.75
NIFTY50,2018-07-24,11134.3
NIFTY50,2018-07-25,11132
NIFTY50,2018-07-26,11167.3
NIFTY50,2018-07-27,11278.35
NIFTY50,2018-07-30,11319.55
NIFTY50,2018-07-31,11356.5
NIFTY50,2018-08-01,11346.2
NIFTY50,2018-08-02,11244.7
NIFTY50,2018-08-03,11360.8
NIFTY50,2018-08-06,11387.1
NIFTY50,2018-08-07,11389.45
NIFTY50,2018-08-08,11450
NIFTY50,2018-08-09,11470.7
NIFTY50,2018-08-10,11429.5
NIFTY50,2018-08-13,11355.75
NIFTY50,2018-08-14,11435.1
NIFTY50,2018-08-16,11385.05
NIFTY50,2018-08-17,11470.75
NIFTY50,2018-08-20,11551.75
NIFTY50,2018-08-21,11570.9
NIFTY50,2018-08-23,11582.75
NIFTY50,2018-08-24,11557.1
NIFTY50,2018-08-27,11691.95
NIFTY50,2018-08-28,11738.5
NIFTY50,2018-08-29,11691.9
NIFTY50,2018-08-30,11676.8
NIFTY50,2018-08-31,11680.5
NIFTY50,2018-09-03,11582.35
NIFTY50,2018-09-04,11520.3
NIFTY50,2018-09-05,11476.95
NIFTY50,2018-09-06,11536.9
NIFTY50,2018-09-07,11589.1
NIFTY50,2018-09-10,11438.1
NIFTY50,2018-09-11,11287.5
NIFTY50,2018-09-12,11369.9
NIFTY50,2018-09-14,11515.2
NIFTY50,2018-09-17,11377.75
NIFTY50,2018-09-18,11278.9
NIFTY50,2018-09-19,11234.35
NIFTY50,2018-09-21,11143.1
NIFTY50,2018-09-24,10967.4
NIFTY50,2018-09-25,11067.45
NIFTY50,2018-09-26,11053.8
NIFTY50,2018-09-27,10977.55
NIFTY50,2018-09-28,10930.45
NIFTY50,2018-10-01,11008.3
NIFTY50,2018-10-03,10858.25
NIFTY50,2018-10-04,10599.25
NIFTY50,2018-10-05,10316.45
NIFTY50,2018-10-08,10348.05
NIFTY50,2018-10-09,10301.05
NIFTY50,2018-10-10,10460.1
NIFTY50,2018-10-11,10234.65
NIFTY50,2018-10-12,10472.5
NIFTY50,2018-10-15,10512.5
NIFTY50,2018-10-16,10584.75
NIFTY50,2018-10-17,10453.05
NIFTY50,2018-10-19,10303.55
NIFTY50,2018-10-22,10245.25
NIFTY50,2018-10-23,10146.8
NIFTY50,2018-10-24,10224.75
NIFTY50,2018-10-25,10124.9
NIFTY50,2018-10-26,10030
NIFTY50,2018-10-29,10250.85
NIFTY50,2018-10-30,10198.4
NIFTY50,2018-10-31,10386.6
NIFTY50,2018-11-01,10380.45
NIFTY50,2018-11-02,10553
NIFTY50,2018-11-05,10524
NIFTY50,2018-11-06,10530
NIFTY50,2018-11-07,10598.4
NIFTY50,2018-11-09,10585.2
NIFTY50,2018-11-12,10482.2
NIFTY50,2018-11-13,10582.5
NIFTY50,2018-11-14,10576.3
NIFTY50,2018-11-15,10616.7
NIFTY50,2018-11-16,10682.2
NIFTY50,2018-11-19,10763.4
NIFTY50,2018-11-20,10656.2
NIFTY50,2018-11-21,10600.05
NIFTY50,2018-11-22,10526.75
NIFTY50,2018-11-26,10628.6
NIFTY50,2018-11-27,10685.6
NIFTY50,2018-11-28,10728.85
NIFTY50,2018-11-29,10858.7
NIFTY50,2018-11-30,10876.75
NIFTY50,2018-12-03,10883.75
NIFTY50,2018-12-04,10869.5
NIFTY50,2018-12-05,10782.9
NIFTY50,2018-12-06,10601.15
NIFTY50,2018-12-07,10693.7
NIFTY50,2018-12-10,10488.45
NIFTY50,2018-12-11,10549.15
NIFTY50,2018-12-12,10737.6
NIFTY50,2018-12-13,10791.55
NIFTY50,2018-12-14,10805.45
NIFTY50,2018-12-17,10888.35
NIFTY50,2018-12-18,10908.7
NIFTY50,2018-12-19,10967.3
NIFTY50,2018-12-20,10951.7
NIFTY50,2018-12-21,10754
NIFTY50,2018-12-24,10663.5
NIFTY50,2018-12-26,10729.85
NIFTY50,2018-12-27,10779.8
NIFTY50,2018-12-28,10859.9
NIFTY50,2018-12-31,10862.55
NIFTY50,2019-01-01,10910.1
NIFTY50,2019-01-02,10792.5
NIFTY50,2019-01-03,10672.25
NIFTY50,2019-01-04,10727.35
NIFTY50,2019-01-07,10771.8
NIFTY50,2019-01-08,10802.15
NIFTY50,2019-01-09,10855.15
NIFTY50,2019-01-10,10821.6
NIFTY50,2019-01-11,10794.95
NIFTY50,2019-01-14,10737.6
NIFTY50,2019-01-15,10886.8
NIFTY50,2019-01-16,10890.3
NIFTY50,2019-01-17,10905.2
NIFTY50,2019-01-18,10906.95
NIFTY50,2019-01-21,10961.85
NIFTY50,2019-01-22,10922.75
NIFTY50,2019-01-23,10831.5
NIFTY50,2019-01-24,10849.8
NIFTY50,2019-01-25,10780.55
NIFTY50,2019-01-28,10661.55
NIFTY50,2019-01-29,10652.2
NIFTY50,2019-01-30,10651.8
NIFTY50,2019-01-31,10830.95
NIFTY50,2019-02-01,10893.65
NIFTY50,2019-02-04,10912.25
NIFTY50,2019-02-05,10934.35
NIFTY50,2019-02-06,11062.45
NIFTY50,2019-02-07,11069.4
NIFTY50,2019-02-08,10943.6
NIFTY50,2019-02-11,10888.8
NIFTY50,2019-02-12,10831.4
NIFTY50,2019-02-13,10793.65
NIFTY50,2019-02-14,10746.05
NIFTY50,2019-02-15,10724.4
NIFTY50,2019-02-18,10640.95
NIFTY50,2019-02-19,10604.35
NIFTY50,2019-02-20,10735.45
NIFTY50,2019-02-21,10789.85
NIFTY50,2019-02-22,10791.65
NIFTY50,2019-02-25,10880.1
NIFTY50,2019-02-26,10835.3
NIFTY50,2019-02-27,10806.65
NIFTY50,2019-02-28,10792.5
NIFTY50,2019-03-01,10863.5
NIFTY50,2019-03-05,10987.45
NIFTY50,2019-03-06,11053
NIFTY50,2019-03-07,11058.2
NIFTY50,2019-03-08,11035.4
NIFTY50,2019-03-11,11168.05
NIFTY50,2019-03-12,11301.2
NIFTY50,2019-03-13,11341.7
NIFTY50,2019-03-14,11343.25
NIFTY50,2019-03-15,11426.85
NIFTY50,2019-03-18,11462.2
NIFTY50,2019-03-19,11532.4
NIFTY50,2019-03-20,11521.05
NIFTY50,2019-03-22,11456.9
NIFTY50,2019-03-25,11354.25
NIFTY50,2019-03-26,11483.25
NIFTY50,2019-03-27,11445.05
NIFTY50,2019-03-28,11570
NIFTY50,2019-03-29,11623.9
NIFTY50,2019-04-01,11669.15
NIFTY50,2019-04-02,11713.2
NIFTY50,2019-04-03,11643.95
NIFTY50,2019-04-04,11598
NIFTY50,2019-04-05,11665.95
NIFTY50,2019-04-08,11604.5
NIFTY50,2019-04-09,11671.95
NIFTY50,2019-04-10,11584.3
NIFTY50,2019-04-11,11596.7
NIFTY50,2019-04-12,11643.45
NIFTY50,2019-04-15,11690.35
NIFTY50,2019-04-16,11787.15
NIFTY50,2019-04-18,11752.8
NIFTY50,2019-04-22,11594.45
NIFTY50,2019-04-23,11575.95
NIFTY50,2019-04-24,11726.15
NIFTY50,2019-04-25,11641.8
NIFTY50,2019-04-26,11754.65
NIFTY50,2019-04-30,11748.15
NIFTY50,2019-05-02,11724.75
NIFTY50,2019-05-03,11712.25
NIFTY50,2019-05-06,11598.25
NIFTY50,2019-05-07,11497.9
NIFTY50,2019-05-08,11359.45
NIFTY50,2019-05-09,11301.8
NIFTY50,2019-05-10,11278.9
NIFTY50,2019-05-13,11148.2
NIFTY50,2019-05-14,11222.05
NIFTY50,2019-05-15,11157
NIFTY50,2019-05-16,11257.1
NIFTY50,2019-05-17,11407.15
NIFTY50,2019-05-20,11828.25
NIFTY50,2019-05-21,11709.1
NIFTY50,2019-05-22,11737.9
NIFTY50,2019-05-23,11657.05
NIFTY50,2019-05-24,11844.1
NIFTY50,2019-05-27,11924.75
NIFTY50,2019-05-28,11928.75
NIFTY50,2019-05-29,11861.1
NIFTY50,2019-05-30,11945.9
NIFTY50,2019-05-31,11922.8
NIFTY50,2019-06-03,12088.55
NIFTY50,2019-06-04,12021.65
NIFTY50,2019-06-06,11843.75
NIFTY50,2019-06-07,11870.65
NIFTY50,2019-06-10,11922.7
NIFTY50,2019-06-11,11965.6
NIFTY50,2019-06-12,11906.2
NIFTY50,2019-06-13,11914.05
NIFTY50,2019-06-14,11823.3
NIFTY50,2019-06-17,11672.15
NIFTY50,2019-06-18,11691.5
NIFTY50,2019-06-19,11691.45
NIFTY50,2019-06-20,11831.75
NIFTY50,2019-06-21,11724.1
NIFTY50,2019-06-24,11699.65
NIFTY50,2019-06-25,11796.45
NIFTY50,2019-06-26,11847.55
NIFTY50,2019-06-27,11841.55
NIFTY50,2019-06-28,11788.85
NIFTY50,2019-07-01,11865.6
NIFTY50,2019-07-02,11910.3
NIFTY50,2019-07-03,11916.75
NIFTY50,2019-07-04,11946.75
NIFTY50,2019-07-05,11811.15
NIFTY50,2019-07-08,11558.6
NIFTY50,2019-07-09,11555.9
NIFTY50,2019-07-10,11498.9
NIFTY50,2019-07-11,11582.9
NIFTY50,2019-07-12,11552.5
NIFTY50,2019-07-15,11588.35
NIFTY50,2019-07-16,11662.6
NIFTY50,2019-07-17,11687.5
NIFTY50,2019-07-18,11596.9
NIFTY50,2019-07-19,11419.25
NIFTY50,2019-07-22,11346.2
NIFTY50,2019-07-23,11331.05
NIFTY50,2019-07-24,11271.3
NIFTY50,2019-07-25,11252.15
NIFTY50,2019-07-26,11284.3
NIFTY50,2019-07-29,11189.2
NIFTY50,2019-07-30,11085.4
NIFTY50,2019-07-31,11118
NIFTY50,2019-08-01,10980
NIFTY50,2019-08-02,10997.35
NIFTY50,2019-08-05,10862.6
NIFTY50,2019-08-06,10948.25
NIFTY50,2019-08-07,10855.5
NIFTY50,2019-08-08,11032.45
NIFTY50,2019-08-09,11109.65
NIFTY50,2019-08-13,10925.85
NIFTY50,2019-08-14,11029.4
NIFTY50,2019-08-16,11047.8
NIFTY50,2019-08-19,11053.9
NIFTY50,2019-08-20,11017
NIFTY50,2019-08-21,10918.7
NIFTY50,2019-08-22,10741.35
NIFTY50,2019-08-23,10829.35
NIFTY50,2019-08-26,11057.85
NIFTY50,2019-08-27,11105.35
NIFTY50,2019-08-28,11046.1
NIFTY50,2019-08-29,10948.3
NIFTY50,2019-08-30,11023.25
NIFTY50,2019-09-03,10797.9
NIFTY50,2019-09-04,10844.65
NIFTY50,2019-09-05,10847.9
NIFTY50,2019-09-06,10946.2
NIFTY50,2019-09-09,11003.05
NIFTY50,2019-09-11,11035.7
NIFTY50,2019-09-12,10982.8
NIFTY50,2019-09-13,11075.9
NIFTY50,2019-09-16,11003.5
NIFTY50,2019-09-17,10817.6
NIFTY50,2019-09-18,10840.65
NIFTY50,2019-09-19,10704.8
NIFTY50,2019-09-20,11274.2
NIFTY50,2019-09-23,11600.2
NIFTY50,2019-09-24,11588.2
NIFTY50,2019-09-25,11440.2
NIFTY50,2019-09-26,11571.2
NIFTY50,2019-09-27,11512.4
NIFTY50,2019-09-30,11474.45
NIFTY50,2019-10-01,11359.9
NIFTY50,2019-10-03,11314
NIFTY50,2019-10-04,11174.75
NIFTY50,2019-10-07,11126.4
NIFTY50,2019-10-09,11313.3
NIFTY50,2019-10-10,11234.55
NIFTY50,2019-10-11,11305.05
NIFTY50,2019-10-14,11341.15
NIFTY50,2019-10-15,11428.3
NIFTY50,2019-10-16,11464
NIFTY50,2019-10-17,11586.35
NIFTY50,2019-10-18,11661.85
NIFTY50,2019-10-22,11588.35
NIFTY50,2019-10-23,11604.1
NIFTY50,2019-10-24,11582.6
NIFTY50,2019-10-25,11583.9
NIFTY50,2019-10-27,11627.15
NIFTY50,2019-10-29,11786.85
NIFTY50,2019-10-30,11844.1
NIFTY50,2019-10-31,11877.45
NIFTY50,2019-11-01,11890.6
NIFTY50,2019-11-04,11941.3
NIFTY50,2019-11-05,11917.2
NIFTY50,2019-11-06,11966.05
NIFTY50,2019-11-07,12012.05
NIFTY50,2019-11-08,11908.15
NIFTY50,2019-11-11,11913.45
NIFTY50,2019-11-13,11840.45
NIFTY50,2019-11-14,11872.1
NIFTY50,2019-11-15,11895.45
NIFTY50,2019-11-18,11884.5
NIFTY50,2019-11-19,11940.1
NIFTY50,2019-11-20,11999.1
NIFTY50,2019-11-21,11968.4
NIFTY50,2019-11-22,11914.4
NIFTY50,2019-11-25,12073.75
NIFTY50,2019-11-26,12037.7
NIFTY50,2019-11-27,12100.7
NIFTY50,2019-11-28,12151.15
NIFTY50,2019-11-29,12056.05
NIFTY50,2019-12-02,12048.2
NIFTY50,2019-12-03,11994.2
NIFTY50,2019-12-04,12043.2
NIFTY50,2019-12-05,12018.4
NIFTY50,2019-12-06,11921.5
NIFTY50,2019-12-09,11937.5
NIFTY50,2019-12-10,11856.8
NIFTY50,2019-12-11,11910.15
NIFTY50,2019-12-12,11971.8
NIFTY50,2019-12-13,12086.7
NIFTY50,2019-12-16,12053.95
NIFTY50,2019-12-17,12165
NIFTY50,2019-12-18,12221.65
NIFTY50,2019-12-19,12259.7
NIFTY50,2019-12-20,12271.8
NIFTY50,2019-12-23,12262.75
NIFTY50,2019-12-24,12214.55
NIFTY50,2019-12-26,12126.55
NIFTY50,2019-12-27,12245.8
NIFTY50,2019-12-30,12255.85
NIFTY50,2019-12-31,12168.45
NIFTY50,2020-01-01,12182.5
NIFTY50,2020-01-02,12282.2
NIFTY50,2020-01-03,12226.65
NIFTY50,2020-01-06,11993.05
NIFTY50,2020-01-07,12052.95
NIFTY50,2020-01-08,12025.35
BANKNIFTY,2015-01-09,18637.25
BANKNIFTY,2015-01-12,18795.85
BANKNIFTY,2015-01-13,18707.2
BANKNIFTY,2015-01-14,18603.8
BANKNIFTY,2015-01-15,19235.65
BANKNIFTY,2015-01-16,19223.15
BANKNIFTY,2015-01-19,19406.05
BANKNIFTY,2015-01-20,19767.05
BANKNIFTY,2015-01-21,19843.25
BANKNIFTY,2015-01-22,19917.65
BANKNIFTY,2015-01-23,20072.7
BANKNIFTY,2015-01-27,20555.25
BANKNIFTY,2015-01-28,20491.75
BANKNIFTY,2015-01-29,20528.6
BANKNIFTY,2015-01-30,19843.75
BANKNIFTY,2015-02-02,19865.9
BANKNIFTY,2015-02-03,19382.95
BANKNIFTY,2015-02-04,19174
BANKNIFTY,2015-02-05,19051.9
BANKNIFTY,2015-02-06,18786.7
BANKNIFTY,2015-02-09,18403.85
BANKNIFTY,2015-02-10,18752.5
BANKNIFTY,2015-02-11,18940.8
BANKNIFTY,2015-02-12,19128.6
BANKNIFTY,2015-02-13,19369.7
BANKNIFTY,2015-02-16,19189.95
BANKNIFTY,2015-02-18,19296.5
BANKNIFTY,2015-02-19,19188.3
BANKNIFTY,2015-02-20,19073.55
BANKNIFTY,2015-02-23,18913.4
BANKNIFTY,2015-02-24,18883.8
BANKNIFTY,2015-02-25,18733.05
BANKNIFTY,2015-02-26,18538.1
BANKNIFTY,2015-02-27,19074.55
BANKNIFTY,2015-02-28,19691.2
BANKNIFTY,2015-03-02,20008.1
BANKNIFTY,2015-03-03,19961.2
BANKNIFTY,2015-03-04,19643.9
BANKNIFTY,2015-03-05,19748
BANKNIFTY,2015-03-09,19145.55
BANKNIFTY,2015-03-10,19054.4
BANKNIFTY,2015-03-11,19044
BANKNIFTY,2015-03-12,19141.85
BANKNIFTY,2015-03-13,18779.8
BANKNIFTY,2015-03-16,18837.35
BANKNIFTY,2015-03-17,19058.25
BANKNIFTY,2015-03-18,19147.25
BANKNIFTY,2015-03-19,18811.15
BANKNIFTY,2015-03-20,18606.35
BANKNIFTY,2015-03-23,18449
BANKNIFTY,2015-03-24,18331.45
BANKNIFTY,2015-03-25,18310.1
BANKNIFTY,2015-03-26,17831.65
BANKNIFTY,2015-03-27,18044.8
BANKNIFTY,2015-03-30,18361.8
BANKNIFTY,2015-03-31,18206.65
BANKNIFTY,2015-04-01,18617.85
BANKNIFTY,2015-04-06,18605.45
BANKNIFTY,2015-04-07,18469.3
BANKNIFTY,2015-04-08,18416.6
BANKNIFTY,2015-04-09,18875.85
BANKNIFTY,2015-04-10,18800.85
BANKNIFTY,2015-04-13,18798.25
BANKNIFTY,2015-04-15,18716.3
BANKNIFTY,2015-04-16,18637.05
BANKNIFTY,2015-04-17,18345.55
BANKNIFTY,2015-04-20,18112.75
BANKNIFTY,2015-04-21,18105.75
BANKNIFTY,2015-04-22,18243.7
BANKNIFTY,2015-04-23,18245.6
BANKNIFTY,2015-04-24,18001.9
BANKNIFTY,2015-04-27,17767.6
BANKNIFTY,2015-04-28,18246.25
BANKNIFTY,2015-04-29,18302.65
BANKNIFTY,2015-04-30,18338.1
BANKNIFTY,2015-05-04,18501.3
BANKNIFTY,2015-05-05,18471.45
BANKNIFTY,2015-05-06,17799.55
BANKNIFTY,2015-05-07,17376.9
BANKNIFTY,2015-05-08,17796.6
BANKNIFTY,2015-05-11,18199.75
BANKNIFTY,2015-05-12,17628.65
BANKNIFTY,2015-05-13,18097.45
BANKNIFTY,2015-05-14,18116.2
BANKNIFTY,2015-05-15,18183.15
BANKNIFTY,2015-05-18,18422.95
BANKNIFTY,2015-05-19,18380.4
BANKNIFTY,2015-05-20,18555.15
BANKNIFTY,2015-05-21,18513.15
BANKNIFTY,2015-05-22,18433.3
BANKNIFTY,2015-05-25,18324.85
BANKNIFTY,2015-05-26,18329.3
BANKNIFTY,2015-05-27,18538.85
BANKNIFTY,2015-05-28,18449.2
BANKNIFTY,2015-05-29,18721.35
BANKNIFTY,2015-06-01,18617
BANKNIFTY,2015-06-02,17977.3
BANKNIFTY,2015-06-03,17721.4
BANKNIFTY,2015-06-04,17719.2
BANKNIFTY,2015-06-05,17549.25
BANKNIFTY,2015-06-08,17432.6
BANKNIFTY,2015-06-09,17489.9
BANKNIFTY,2015-06-10,17707.25
BANKNIFTY,2015-06-11,17304.4
BANKNIFTY,2015-06-12,17523.55
BANKNIFTY,2015-06-15,17458.7
BANKNIFTY,2015-06-16,17602.45
BANKNIFTY,2015-06-17,17584.05
BANKNIFTY,2015-06-18,17733.55
BANKNIFTY,2015-06-19,17880.85
BANKNIFTY,2015-06-22,18334.5
BANKNIFTY,2015-06-23,18391.35
BANKNIFTY,2015-06-24,18365.55
BANKNIFTY,2015-06-25,18492.9
BANKNIFTY,2015-06-26,18371.5
BANKNIFTY,2015-06-29,18241.25
BANKNIFTY,2015-06-30,18296.1
BANKNIFTY,2015-07-01,18581.6
BANKNIFTY,2015-07-02,18585.55
BANKNIFTY,2015-07-03,18729.65
BANKNIFTY,2015-07-06,18825.15
BANKNIFTY,2015-07-07,18798.5
BANKNIFTY,2015-07-08,18463.15
BANKNIFTY,2015-07-09,18508.7
BANKNIFTY,2015-07-10,18719.8
BANKNIFTY,2015-07-13,18893.55
BANKNIFTY,2015-07-14,18780.2
BANKNIFTY,2015-07-15,18816.25
BANKNIFTY,2015-07-16,19168.05
BANKNIFTY,2015-07-17,19094.7
BANKNIFTY,2015-07-20,19032.7
BANKNIFTY,2015-07-21,18723.4
BANKNIFTY,2015-07-22,18997
BANKNIFTY,2015-07-23,18865
BANKNIFTY,2015-07-24,18635.85
BANKNIFTY,2015-07-27,18213.05
BANKNIFTY,2015-07-28,18282.8
BANKNIFTY,2015-07-29,18323.4
BANKNIFTY,2015-07-30,18440.4
BANKNIFTY,2015-07-31,18729.85
BANKNIFTY,2015-08-03,18914.7
BANKNIFTY,2015-08-04,18972.6
BANKNIFTY,2015-08-05,18928.55
BANKNIFTY,2015-08-06,19029.35
BANKNIFTY,2015-08-07,18893.55
BANKNIFTY,2015-08-10,18875
BANKNIFTY,2015-08-11,18616.9
BANKNIFTY,2015-08-12,18059.75
BANKNIFTY,2015-08-13,18175.4
BANKNIFTY,2015-08-14,18723.6
BANKNIFTY,2015-08-17,18822.05
BANKNIFTY,2015-08-18,18780.85
BANKNIFTY,2015-08-19,18703.25
BANKNIFTY,2015-08-20,18283.1
BANKNIFTY,2015-08-21,18057.2
BANKNIFTY,2015-08-24,16811.8
BANKNIFTY,2015-08-25,17192.75
BANKNIFTY,2015-08-26,16917.65
BANKNIFTY,2015-08-27,17214.4
BANKNIFTY,2015-08-28,17211.95
BANKNIFTY,2015-08-31,17146.55
BANKNIFTY,2015-09-01,16530.3
BANKNIFTY,2015-09-02,16252.7
BANKNIFTY,2015-09-03,16555.4
BANKNIFTY,2015-09-04,16129.1
BANKNIFTY,2015-09-07,15790.1
BANKNIFTY,2015-09-08,16350.95
BANKNIFTY,2015-09-09,16631.5
BANKNIFTY,2015-09-10,16597.65
BANKNIFTY,2015-09-11,16612.6
BANKNIFTY,2015-09-14,16911.8
BANKNIFTY,2015-09-15,16739.55
BANKNIFTY,2015-09-16,16964.85
BANKNIFTY,2015-09-18,17409.15
BANKNIFTY,2015-09-21,17542.9
BANKNIFTY,2015-09-22,17031.15
BANKNIFTY,2015-09-23,17255.3
BANKNIFTY,2015-09-24,17196.65
BANKNIFTY,2015-09-28,17100.3
BANKNIFTY,2015-09-29,17281.2
BANKNIFTY,2015-09-30,17216.3
BANKNIFTY,2015-10-01,17150.2
BANKNIFTY,2015-10-05,17674.05
BANKNIFTY,2015-10-06,17605.35
BANKNIFTY,2015-10-07,17616.8
BANKNIFTY,2015-10-08,17474.3
BANKNIFTY,2015-10-09,17590.25
BANKNIFTY,2015-10-12,17583.15
BANKNIFTY,2015-10-13,17554.85
BANKNIFTY,2015-10-14,17543.25
BANKNIFTY,2015-10-15,17686.1
BANKNIFTY,2015-10-16,17912.85
BANKNIFTY,2015-10-19,17855.05
BANKNIFTY,2015-10-20,17830.25
BANKNIFTY,2015-10-21,17710.55
BANKNIFTY,2015-10-23,17934.05
BANKNIFTY,2015-10-26,17815.05
BANKNIFTY,2015-10-27,17806.3
BANKNIFTY,2015-10-28,17373.15
BANKNIFTY,2015-10-29,17212.2
BANKNIFTY,2015-10-30,17354.5
BANKNIFTY,2015-11-02,17340.6
BANKNIFTY,2015-11-03,17325.6
BANKNIFTY,2015-11-04,17221.05
BANKNIFTY,2015-11-05,16995.1
BANKNIFTY,2015-11-06,17086.5
BANKNIFTY,2015-11-09,17003
BANKNIFTY,2015-11-10,16836
BANKNIFTY,2015-11-11,16956
BANKNIFTY,2015-11-13,16932.85
BANKNIFTY,2015-11-16,17184.9
BANKNIFTY,2015-11-17,17140.45
BANKNIFTY,2015-11-18,16812.1
BANKNIFTY,2015-11-19,17071.9
BANKNIFTY,2015-11-20,17055.6
BANKNIFTY,2015-11-23,17060.25
BANKNIFTY,2015-11-24,16988.65
BANKNIFTY,2015-11-26,17036.55
BANKNIFTY,2015-11-27,17370.95
BANKNIFTY,2015-11-30,17430.4
BANKNIFTY,2015-12-01,17398.55
BANKNIFTY,2015-12-02,17218.5
BANKNIFTY,2015-12-03,17110.1
BANKNIFTY,2015-12-04,16897.3
BANKNIFTY,2015-12-07,16947
BANKNIFTY,2015-12-08,16801.15
BANKNIFTY,2015-12-09,16660.75
BANKNIFTY,2015-12-10,16711.05
BANKNIFTY,2015-12-11,16342.5
BANKNIFTY,2015-12-14,16350.65
BANKNIFTY,2015-12-15,16398.65
BANKNIFTY,2015-12-16,16579.4
BANKNIFTY,2015-12-17,16741.5
BANKNIFTY,2015-12-18,16594.3
BANKNIFTY,2015-12-21,16825.15
BANKNIFTY,2015-12-22,16749.2
BANKNIFTY,2015-12-23,16882.5
BANKNIFTY,2015-12-24,16811
BANKNIFTY,2015-12-28,16979.15
BANKNIFTY,2015-12-29,16991.45
BANKNIFTY,2015-12-30,16917.9
BANKNIFTY,2015-12-31,16922.2
BANKNIFTY,2016-01-01,17039.25
BANKNIFTY,2016-01-04,16599.15
BANKNIFTY,2016-01-05,16542.5
BANKNIFTY,2016-01-06,16433.15
BANKNIFTY,2016-01-07,16073.85
BANKNIFTY,2016-01-08,16142.65
BANKNIFTY,2016-01-11,16016.25
BANKNIFTY,2016-01-12,15734.8
BANKNIFTY,2016-01-13,15871.85
BANKNIFTY,2016-01-14,15609.8
BANKNIFTY,2016-01-15,15206.3
BANKNIFTY,2016-01-18,15020.8
BANKNIFTY,2016-01-19,15269.65
BANKNIFTY,2016-01-20,14935.5
BANKNIFTY,2016-01-21,15101.2
BANKNIFTY,2016-01-22,15497.55
BANKNIFTY,2016-01-25,15561.15
BANKNIFTY,2016-01-27,15534.6
BANKNIFTY,2016-01-28,15381.45
BANKNIFTY,2016-01-29,15522.4
BANKNIFTY,2016-02-01,15314.45
BANKNIFTY,2016-02-02,15068
BANKNIFTY,2016-02-03,14834.05
BANKNIFTY,2016-02-04,14869.15
BANKNIFTY,2016-02-05,15162.05
BANKNIFTY,2016-02-08,15046.8
BANKNIFTY,2016-02-09,14875.1
BANKNIFTY,2016-02-10,14588.45
BANKNIFTY,2016-02-11,14028.55
BANKNIFTY,2016-02-12,13971.5
BANKNIFTY,2016-02-15,14445
BANKNIFTY,2016-02-16,14166.45
BANKNIFTY,2016-02-17,14119.85
BANKNIFTY,2016-02-18,14298.15
BANKNIFTY,2016-02-19,14344.2
BANKNIFTY,2016-02-22,14384.8
BANKNIFTY,2016-02-23,14008.35
BANKNIFTY,2016-02-24,13794.05
BANKNIFTY,2016-02-25,13555.7
BANKNIFTY,2016-02-26,13791.45
BANKNIFTY,2016-02-29,13946.4
BANKNIFTY,2016-03-01,14412.9
BANKNIFTY,2016-03-02,15092.45
BANKNIFTY,2016-03-03,15177.75
BANKNIFTY,2016-03-04,15339.2
BANKNIFTY,2016-03-08,15146.5
BANKNIFTY,2016-03-09,15279.05
BANKNIFTY,2016-03-10,15180.65
BANKNIFTY,2016-03-11,15168.2
BANKNIFTY,2016-03-14,15277.8
BANKNIFTY,2016-03-15,15326.8
BANKNIFTY,2016-03-16,15461.7
BANKNIFTY,2016-03-17,15444
BANKNIFTY,2016-03-18,15654.85
BANKNIFTY,2016-03-21,15926.1
BANKNIFTY,2016-03-22,15936
BANKNIFTY,2016-03-23,15887.75
BANKNIFTY,2016-03-28,15604.9
BANKNIFTY,2016-03-29,15666.25
BANKNIFTY,2016-03-30,16134.85
BANKNIFTY,2016-03-31,16141.65
BANKNIFTY,2016-04-01,16174.9
BANKNIFTY,2016-04-04,16190.6
BANKNIFTY,2016-04-05,15695
BANKNIFTY,2016-04-06,15636.95
BANKNIFTY,2016-04-07,15530.75
BANKNIFTY,2016-04-08,15568.35
BANKNIFTY,2016-04-11,15818.5
BANKNIFTY,2016-04-12,15880.2
BANKNIFTY,2016-04-13,16278.55
BANKNIFTY,2016-04-18,16222.7
BANKNIFTY,2016-04-20,16349.7
BANKNIFTY,2016-04-21,16637.15
BANKNIFTY,2016-04-22,16703.4
BANKNIFTY,2016-04-25,16678.65
BANKNIFTY,2016-04-26,17002.55
BANKNIFTY,2016-04-27,16872.95
BANKNIFTY,2016-04-28,16716.9
BANKNIFTY,2016-04-29,16795
BANKNIFTY,2016-05-02,16543
BANKNIFTY,2016-05-03,16388.7
BANKNIFTY,2016-05-04,16274.25
BANKNIFTY,2016-05-05,16281
BANKNIFTY,2016-05-06,16296.6
BANKNIFTY,2016-05-09,16686.1
BANKNIFTY,2016-05-10,16784.95
BANKNIFTY,2016-05-11,16754.45
BANKNIFTY,2016-05-12,16923.7
BANKNIFTY,2016-05-13,16716.9
BANKNIFTY,2016-05-16,16737.55
BANKNIFTY,2016-05-17,16762.75
BANKNIFTY,2016-05-18,16728.95
BANKNIFTY,2016-05-19,16565.25
BANKNIFTY,2016-05-20,16481.45
BANKNIFTY,2016-05-23,16407.55
BANKNIFTY,2016-05-24,16456.65
BANKNIFTY,2016-05-25,16997.45
BANKNIFTY,2016-05-26,17359.3
BANKNIFTY,2016-05-27,17511.8
BANKNIFTY,2016-05-30,17520.65
BANKNIFTY,2016-05-31,17620.9
BANKNIFTY,2016-06-01,17423.45
BANKNIFTY,2016-06-02,17567.8
BANKNIFTY,2016-06-03,17680.8
BANKNIFTY,2016-06-06,17671.4
BANKNIFTY,2016-06-07,17948.15
BANKNIFTY,2016-06-08,17946.8
BANKNIFTY,2016-06-09,17887.7
BANKNIFTY,2016-06-10,17828.6
BANKNIFTY,2016-06-13,17593.95
BANKNIFTY,2016-06-14,17672.4
BANKNIFTY,2016-06-15,17917.9
BANKNIFTY,2016-06-16,17671.3
BANKNIFTY,2016-06-17,17696.05
BANKNIFTY,2016-06-20,17718.6
BANKNIFTY,2016-06-21,17619.1
BANKNIFTY,2016-06-22,17626.05
BANKNIFTY,2016-06-23,17892.45
BANKNIFTY,2016-06-24,17426.05
BANKNIFTY,2016-06-27,17514.95
BANKNIFTY,2016-06-28,17561.55
BANKNIFTY,2016-06-29,17689.9
BANKNIFTY,2016-06-30,17935.4
BANKNIFTY,2016-07-01,17985.65
BANKNIFTY,2016-07-04,18097.65
BANKNIFTY,2016-07-05,18004.25
BANKNIFTY,2016-07-07,18084.9
BANKNIFTY,2016-07-08,18016.25
BANKNIFTY,2016-07-11,18390.95
BANKNIFTY,2016-07-12,18667.6
BANKNIFTY,2016-07-13,18618.95
BANKNIFTY,2016-07-14,18863.75
BANKNIFTY,2016-07-15,18953.65
BANKNIFTY,2016-07-18,18923.4
BANKNIFTY,2016-07-19,18905.15
BANKNIFTY,2016-07-20,18968.2
BANKNIFTY,2016-07-21,18674.3
BANKNIFTY,2016-07-22,18690.4
BANKNIFTY,2016-07-25,18989.6
BANKNIFTY,2016-07-26,18860.85
BANKNIFTY,2016-07-27,19021.95
BANKNIFTY,2016-07-28,19076.55
BANKNIFTY,2016-07-29,18953.15
BANKNIFTY,2016-08-01,18740.6
BANKNIFTY,2016-08-02,18708.25
BANKNIFTY,2016-08-03,18602
BANKNIFTY,2016-08-04,18571.7
BANKNIFTY,2016-08-05,18925.95
BANKNIFTY,2016-08-08,18939.45
BANKNIFTY,2016-08-09,18933.3
BANKNIFTY,2016-08-10,18647.8
BANKNIFTY,2016-08-11,18640.4
BANKNIFTY,2016-08-12,18963.7
BANKNIFTY,2016-08-16,19002.15
BANKNIFTY,2016-08-17,19041.25
BANKNIFTY,2016-08-18,19352.8
BANKNIFTY,2016-08-19,19414.7
BANKNIFTY,2016-08-22,19330.25
BANKNIFTY,2016-08-23,19341.65
BANKNIFTY,2016-08-24,19355.6
BANKNIFTY,2016-08-25,19304.25
BANKNIFTY,2016-08-26,19195.75
BANKNIFTY,2016-08-29,19217
BANKNIFTY,2016-08-30,19531.55
BANKNIFTY,2016-08-31,19787.6
BANKNIFTY,2016-09-01,19788.85
BANKNIFTY,2016-09-02,19883.2
BANKNIFTY,2016-09-06,20426.2
BANKNIFTY,2016-09-07,20406.9
BANKNIFTY,2016-09-08,20417.25
BANKNIFTY,2016-09-09,20245.3
BANKNIFTY,2016-09-12,19790.6
BANKNIFTY,2016-09-14,19909.15
BANKNIFTY,2016-09-15,19837.55
BANKNIFTY,2016-09-16,19855.45
BANKNIFTY,2016-09-19,19906.85
BANKNIFTY,2016-09-20,19852.3
BANKNIFTY,2016-09-21,19828.45
BANKNIFTY,2016-09-22,20109.6
BANKNIFTY,2016-09-23,19901.8
BANKNIFTY,2016-09-26,19591.75
BANKNIFTY,2016-09-27,19518.7
BANKNIFTY,2016-09-28,19653.55
BANKNIFTY,2016-09-29,19183.65
BANKNIFTY,2016-09-30,19285.7
BANKNIFTY,2016-10-03,19589.05
BANKNIFTY,2016-10-04,19672.7
BANKNIFTY,2016-10-05,19536.85
BANKNIFTY,2016-10-06,19395.05
BANKNIFTY,2016-10-07,19400.1
BANKNIFTY,2016-10-10,19378.55
BANKNIFTY,2016-10-13,18954.25
BANKNIFTY,2016-10-14,19020.15
BANKNIFTY,2016-10-17,19070.4
BANKNIFTY,2016-10-18,19495.05
BANKNIFTY,2016-10-19,19412.1
BANKNIFTY,2016-10-20,19658.7
BANKNIFTY,2016-10-21,19710.9
BANKNIFTY,2016-10-24,19807.9
BANKNIFTY,2016-10-25,19834.9
BANKNIFTY,2016-10-26,19483.6
BANKNIFTY,2016-10-27,19514.6
BANKNIFTY,2016-10-28,19555.95
BANKNIFTY,2016-10-30,19523.55
BANKNIFTY,2016-11-01,19458.6
BANKNIFTY,2016-11-02,19227.9
BANKNIFTY,2016-11-03,19178.7
BANKNIFTY,2016-11-04,19058.1
BANKNIFTY,2016-11-07,19356
BANKNIFTY,2016-11-08,19500.8
BANKNIFTY,2016-11-09,19518.25
BANKNIFTY,2016-11-10,20200.25
BANKNIFTY,2016-11-11,19738.8
BANKNIFTY,2016-11-15,19289.75
BANKNIFTY,2016-11-16,19108.1
BANKNIFTY,2016-11-17,19087.85
BANKNIFTY,2016-11-18,18959.05
BANKNIFTY,2016-11-21,18446.4
BANKNIFTY,2016-11-22,18548.65
BANKNIFTY,2016-11-23,18540.9
BANKNIFTY,2016-11-24,18256.1
BANKNIFTY,2016-11-25,18507.3
BANKNIFTY,2016-11-28,18301.45
BANKNIFTY,2016-11-29,18223.75
BANKNIFTY,2016-11-30,18627.8
BANKNIFTY,2016-12-01,18428.45
BANKNIFTY,2016-12-02,18247.65
BANKNIFTY,2016-12-05,18408.9
BANKNIFTY,2016-12-06,18420.9
BANKNIFTY,2016-12-07,18234.15
BANKNIFTY,2016-12-08,18515.45
BANKNIFTY,2016-12-09,18695.8
BANKNIFTY,2016-12-12,18392.95
BANKNIFTY,2016-12-13,18466.05
BANKNIFTY,2016-12-14,18341.5
BANKNIFTY,2016-12-15,18401.15
BANKNIFTY,2016-12-16,18312.8
BANKNIFTY,2016-12-19,18257.05
BANKNIFTY,2016-12-20,18069.4
BANKNIFTY,2016-12-21,18084.5
BANKNIFTY,2016-12-22,17891.45
BANKNIFTY,2016-12-23,17884
BANKNIFTY,2016-12-26,17655.55
BANKNIFTY,2016-12-27,17879.55
BANKNIFTY,2016-12-28,17876.7
BANKNIFTY,2016-12-29,18033.15
BANKNIFTY,2016-12-30,18177.2
BANKNIFTY,2017-01-02,17969.6
BANKNIFTY,2017-01-03,18035.6
BANKNIFTY,2017-01-04,17891
BANKNIFTY,2017-01-05,18115.95
BANKNIFTY,2017-01-06,18264
BANKNIFTY,2017-01-09,18286.65
BANKNIFTY,2017-01-10,18409.6
BANKNIFTY,2017-01-11,18830
BANKNIFTY,2017-01-12,18873.95
BANKNIFTY,2017-01-13,18912.1
BANKNIFTY,2017-01-16,19096.45
BANKNIFTY,2017-01-17,19067.05
BANKNIFTY,2017-01-18,19164.5
BANKNIFTY,2017-01-19,19124.25
BANKNIFTY,2017-01-20,18820.8
BANKNIFTY,2017-01-23,18842.7
BANKNIFTY,2017-01-24,19023.5
BANKNIFTY,2017-01-25,19473.2
BANKNIFTY,2017-01-27,19708.3
BANKNIFTY,2017-01-30,19585.25
BANKNIFTY,2017-01-31,19515.15
BANKNIFTY,2017-02-01,20020.6
BANKNIFTY,2017-02-02,20070.3
BANKNIFTY,2017-02-03,20196.8
BANKNIFTY,2017-02-06,20371.6
BANKNIFTY,2017-02-07,20327.25
BANKNIFTY,2017-02-08,20245.4
BANKNIFTY,2017-02-09,20151.15
BANKNIFTY,2017-02-10,20213.9
BANKNIFTY,2017-02-13,20251.8
BANKNIFTY,2017-02-14,20258.1
BANKNIFTY,2017-02-15,20163.7
BANKNIFTY,2017-02-16,20243.7
BANKNIFTY,2017-02-17,20551.35
BANKNIFTY,2017-02-20,20677.1
BANKNIFTY,2017-02-21,20860.95
BANKNIFTY,2017-02-22,20868.45
BANKNIFTY,2017-02-23,20876.65
BANKNIFTY,2017-02-27,20613.05
BANKNIFTY,2017-02-28,20607.25
BANKNIFTY,2017-03-01,20783.75
BANKNIFTY,2017-03-02,20560.05
BANKNIFTY,2017-03-03,20495.6
BANKNIFTY,2017-03-06,20663.65
BANKNIFTY,2017-03-07,20627.5
BANKNIFTY,2017-03-08,20676.55
BANKNIFTY,2017-03-09,20721.35
BANKNIFTY,2017-03-10,20727.55
BANKNIFTY,2017-03-14,21102.7
BANKNIFTY,2017-03-15,21157.9
BANKNIFTY,2017-03-16,21249.9
BANKNIFTY,2017-03-17,21175.05
BANKNIFTY,2017-03-20,21110.25
BANKNIFTY,2017-03-21,21019
BANKNIFTY,2017-03-22,20781.35
BANKNIFTY,2017-03-23,20895.5
BANKNIFTY,2017-03-24,21122.55
BANKNIFTY,2017-03-27,21056.9
BANKNIFTY,2017-03-28,21225.4
BANKNIFTY,2017-03-29,21391.15
BANKNIFTY,2017-03-30,21620.7
BANKNIFTY,2017-03-31,21444.15
BANKNIFTY,2017-04-03,21547.75
BANKNIFTY,2017-04-05,21652.7
BANKNIFTY,2017-04-06,21622.95
BANKNIFTY,2017-04-07,21431.15
BANKNIFTY,2017-04-10,21520.15
BANKNIFTY,2017-04-11,21736.15
BANKNIFTY,2017-04-12,21666.8
BANKNIFTY,2017-04-13,21686.6
BANKNIFTY,2017-04-17,21647.6
BANKNIFTY,2017-04-18,21671.85
BANKNIFTY,2017-04-19,21556.35
BANKNIFTY,2017-04-20,21491.4
BANKNIFTY,2017-04-21,21551.45
BANKNIFTY,2017-04-24,21857.4
BANKNIFTY,2017-04-25,22054.7
BANKNIFTY,2017-04-26,22242.85
BANKNIFTY,2017-04-27,22326.3
BANKNIFTY,2017-04-28,22358.25
BANKNIFTY,2017-05-02,22341.35
BANKNIFTY,2017-05-03,22307.3
BANKNIFTY,2017-05-04,22720.1
BANKNIFTY,2017-05-05,22604.95
BANKNIFTY,2017-05-08,22767.35
BANKNIFTY,2017-05-09,22707.3
BANKNIFTY,2017-05-10,22830.35
BANKNIFTY,2017-05-11,22818.45
BANKNIFTY,2017-05-12,22671.7
BANKNIFTY,2017-05-15,22821.5
BANKNIFTY,2017-05-16,22928.6
BANKNIFTY,2017-05-17,22935.95
BANKNIFTY,2017-05-18,22698.6
BANKNIFTY,2017-05-19,22769.8
BANKNIFTY,2017-05-22,22652.85
BANKNIFTY,2017-05-23,22582.8
BANKNIFTY,2017-05-24,22536.3
BANKNIFTY,2017-05-25,23190.8
BANKNIFTY,2017-05-26,23362.2
BANKNIFTY,2017-05-29,23182.75
BANKNIFTY,2017-05-30,23307.25
BANKNIFTY,2017-05-31,23424.8
BANKNIFTY,2017-06-01,23310.15
BANKNIFTY,2017-06-02,23375.9
BANKNIFTY,2017-06-05,23459.65
BANKNIFTY,2017-06-06,23416.3
BANKNIFTY,2017-06-07,23567.65
BANKNIFTY,2017-06-08,23536.1
BANKNIFTY,2017-06-09,23690.9
BANKNIFTY,2017-06-12,23470.45
BANKNIFTY,2017-06-13,23477.85
BANKNIFTY,2017-06-14,23498.7
BANKNIFTY,2017-06-15,23391.75
BANKNIFTY,2017-06-16,23502.75
BANKNIFTY,2017-06-19,23742.15
BANKNIFTY,2017-06-20,23697.95
BANKNIFTY,2017-06-21,23708.75
BANKNIFTY,2017-06-22,23736.1
BANKNIFTY,2017-06-23,23542.75
BANKNIFTY,2017-06-27,23216.25
BANKNIFTY,2017-06-28,23235.85
BANKNIFTY,2017-06-29,23227.3
BANKNIFTY,2017-06-30,23211.2
BANKNIFTY,2017-07-03,23272.8
BANKNIFTY,2017-07-04,23214.2
BANKNIFTY,2017-07-05,23352.6
BANKNIFTY,2017-07-06,23466.65
BANKNIFTY,2017-07-07,23449.15
BANKNIFTY,2017-07-10,23675.05
BANKNIFTY,2017-07-11,23584.6
BANKNIFTY,2017-07-12,23695.45
BANKNIFTY,2017-07-13,23888.65
BANKNIFTY,2017-07-14,23937.7
BANKNIFTY,2017-07-17,24015.05
BANKNIFTY,2017-07-18,24022.05
BANKNIFTY,2017-07-19,24152.65
BANKNIFTY,2017-07-20,24213.35
BANKNIFTY,2017-07-21,24257.05
BANKNIFTY,2017-07-24,24420.85
BANKNIFTY,2017-07-25,24520.7
BANKNIFTY,2017-07-26,24670.7
BANKNIFTY,2017-07-27,24922.4
BANKNIFTY,2017-07-28,24811.3
BANKNIFTY,2017-07-31,25103.65
BANKNIFTY,2017-08-01,25122.8
BANKNIFTY,2017-08-02,25055.2
BANKNIFTY,2017-08-03,24675.05
BANKNIFTY,2017-08-04,24827.45
BANKNIFTY,2017-08-07,24906.35
BANKNIFTY,2017-08-08,24599.5
BANKNIFTY,2017-08-09,24374.6
BANKNIFTY,2017-08-10,24217.35
BANKNIFTY,2017-08-11,23985.75
BANKNIFTY,2017-08-14,24115.75
BANKNIFTY,2017-08-16,24437.7
BANKNIFTY,2017-08-17,24237.25
BANKNIFTY,2017-08-18,24074.45
BANKNIFTY,2017-08-21,23936.5
BANKNIFTY,2017-08-22,23974.45
BANKNIFTY,2017-08-23,24316.8
BANKNIFTY,2017-08-24,24274.2
BANKNIFTY,2017-08-28,24377.1
BANKNIFTY,2017-08-29,24128.95
BANKNIFTY,2017-08-30,24308.7
BANKNIFTY,2017-08-31,24318.4
BANKNIFTY,2017-09-01,24434
BANKNIFTY,2017-09-04,24236.85
BANKNIFTY,2017-09-05,24328.3
BANKNIFTY,2017-09-06,24279.15
BANKNIFTY,2017-09-07,24304.9
BANKNIFTY,2017-09-08,24370.8
BANKNIFTY,2017-09-11,24672.25
BANKNIFTY,2017-09-12,24784.7
BANKNIFTY,2017-09-13,24831.8
BANKNIFTY,2017-09-14,24912.25
BANKNIFTY,2017-09-15,24844.3
BANKNIFTY,2017-09-18,25046.9
BANKNIFTY,2017-09-19,25041.55
BANKNIFTY,2017-09-20,24965.05
BANKNIFTY,2017-09-21,24799.25
BANKNIFTY,2017-09-22,24368.85
BANKNIFTY,2017-09-25,24165.05
BANKNIFTY,2017-09-26,24199.15
BANKNIFTY,2017-09-27,23812.95
BANKNIFTY,2017-09-28,24008.15
BANKNIFTY,2017-09-29,24053
BANKNIFTY,2017-10-03,24103.4
BANKNIFTY,2017-10-04,24113.3
BANKNIFTY,2017-10-05,24058.05
BANKNIFTY,2017-10-06,24190
BANKNIFTY,2017-10-09,24251.9
BANKNIFTY,2017-10-10,24347.45
BANKNIFTY,2017-10-11,24107.45
BANKNIFTY,2017-10-12,24361.25
BANKNIFTY,2017-10-13,24689.15
BANKNIFTY,2017-10-16,24703.05
BANKNIFTY,2017-10-17,24645.6
BANKNIFTY,2017-10-18,24313.75
BANKNIFTY,2017-10-19,24009.75
BANKNIFTY,2017-10-23,24088.9
BANKNIFTY,2017-10-24,24222.15
BANKNIFTY,2017-10-25,25035.9
BANKNIFTY,2017-10-26,25022.2
BANKNIFTY,2017-10-27,24839.55
BANKNIFTY,2017-10-30,24988.55
BANKNIFTY,2017-10-31,25019.35
BANKNIFTY,2017-11-01,25490.45
BANKNIFTY,2017-11-02,25427.3
BANKNIFTY,2017-11-03,25650.7
BANKNIFTY,2017-11-06,25571.15
BANKNIFTY,2017-11-07,25300.8
BANKNIFTY,2017-11-08,25184.35
BANKNIFTY,2017-11-09,25291.35
BANKNIFTY,2017-11-10,25498.95
BANKNIFTY,2017-11-13,25358.3
BANKNIFTY,2017-11-14,25284.6
BANKNIFTY,2017-11-15,25218.9
BANKNIFTY,2017-11-16,25446.6
BANKNIFTY,2017-11-17,25728.4
BANKNIFTY,2017-11-20,25768.6
BANKNIFTY,2017-11-21,25757.5
BANKNIFTY,2017-11-22,25766.65
BANKNIFTY,2017-11-23,25736.25
BANKNIFTY,2017-11-24,25779.65
BANKNIFTY,2017-11-27,25891.95
BANKNIFTY,2017-11-28,25846.4
BANKNIFTY,2017-11-29,25795.7
BANKNIFTY,2017-11-30,25332.4
BANKNIFTY,2017-12-01,25191.95
BANKNIFTY,2017-12-04,25075.1
BANKNIFTY,2017-12-05,25124.85
BANKNIFTY,2017-12-06,24851.8
BANKNIFTY,2017-12-07,25057.25
BANKNIFTY,2017-12-08,25321.15
BANKNIFTY,2017-12-11,25404.85
BANKNIFTY,2017-12-12,25125.45
BANKNIFTY,2017-12-13,25000.35
BANKNIFTY,2017-12-14,25168.2
BANKNIFTY,2017-12-15,25440.3
BANKNIFTY,2017-12-18,25594.55
BANKNIFTY,2017-12-19,25716.2
BANKNIFTY,2017-12-20,25591.7
BANKNIFTY,2017-12-21,25554.3
BANKNIFTY,2017-12-22,25648.55
BANKNIFTY,2017-12-26,25675.25
BANKNIFTY,2017-12-27,25496.05
BANKNIFTY,2017-12-28,25490
BANKNIFTY,2017-12-29,25539.45
BANKNIFTY,2018-01-01,25318.1
BANKNIFTY,2018-01-02,25338.25
BANKNIFTY,2018-01-03,25318.6
BANKNIFTY,2018-01-04,25462.6
BANKNIFTY,2018-01-05,25601.85
BANKNIFTY,2018-01-08,25676.1
BANKNIFTY,2018-01-09,25703.8
BANKNIFTY,2018-01-10,25617.3
BANKNIFTY,2018-01-11,25660.9
BANKNIFTY,2018-01-12,25749.05
BANKNIFTY,2018-01-15,26069.2
BANKNIFTY,2018-01-16,25974.9
BANKNIFTY,2018-01-17,26289.1
BANKNIFTY,2018-01-18,26537.4
BANKNIFTY,2018-01-19,26909.5
BANKNIFTY,2018-01-22,27041.2
BANKNIFTY,2018-01-23,27390.6
BANKNIFTY,2018-01-24,27398.55
BANKNIFTY,2018-01-25,27445.65
BANKNIFTY,2018-01-29,27498.45
BANKNIFTY,2018-01-30,27269.05
BANKNIFTY,2018-01-31,27379.45
BANKNIFTY,2018-02-01,27220.7
BANKNIFTY,2018-02-02,26451.15
BANKNIFTY,2018-02-05,26098.75
BANKNIFTY,2018-02-06,25811.3
BANKNIFTY,2018-02-07,25670
BANKNIFTY,2018-02-08,25920.65
BANKNIFTY,2018-02-09,25463.65
BANKNIFTY,2018-02-12,25701.6
BANKNIFTY,2018-02-14,25341.25
BANKNIFTY,2018-02-15,25424.35
BANKNIFTY,2018-02-16,25163.9
BANKNIFTY,2018-02-19,25058.55
BANKNIFTY,2018-02-20,24874.4
BANKNIFTY,2018-02-21,24936.7
BANKNIFTY,2018-02-22,24955.2
BANKNIFTY,2018-02-23,25302.5
BANKNIFTY,2018-02-26,25687.9
BANKNIFTY,2018-02-27,25383.6
BANKNIFTY,2018-02-28,25107.4
BANKNIFTY,2018-03-01,24902.55
BANKNIFTY,2018-03-05,24818.7
BANKNIFTY,2018-03-06,24448.45
BANKNIFTY,2018-03-07,24134.1
BANKNIFTY,2018-03-08,24477.65
BANKNIFTY,2018-03-09,24296.45
BANKNIFTY,2018-03-12,24664.2
BANKNIFTY,2018-03-13,24738.65
BANKNIFTY,2018-03-14,24851.65
BANKNIFTY,2018-03-15,24791.85
BANKNIFTY,2018-03-16,24489.55
BANKNIFTY,2018-03-19,24245.1
BANKNIFTY,2018-03-20,24168.2
BANKNIFTY,2018-03-21,24255.6
BANKNIFTY,2018-03-22,24141.5
BANKNIFTY,2018-03-23,23670.4
BANKNIFTY,2018-03-26,24244.35
BANKNIFTY,2018-03-27,24434.15
BANKNIFTY,2018-03-28,24263.35
BANKNIFTY,2018-04-02,24328.5
BANKNIFTY,2018-04-03,24510.6
BANKNIFTY,2018-04-04,24129.5
BANKNIFTY,2018-04-05,24759.8
BANKNIFTY,2018-04-06,24873.15
BANKNIFTY,2018-04-09,25093.8
BANKNIFTY,2018-04-10,25226.8
BANKNIFTY,2018-04-11,25098.25
BANKNIFTY,2018-04-12,25195.1
BANKNIFTY,2018-04-13,25200.6
BANKNIFTY,2018-04-16,25320.85
BANKNIFTY,2018-04-17,25334.45
BANKNIFTY,2018-04-18,25102.3
BANKNIFTY,2018-04-19,25126.15
BANKNIFTY,2018-04-20,24943.85
BANKNIFTY,2018-04-23,24960.65
BANKNIFTY,2018-04-24,25042.1
BANKNIFTY,2018-04-25,24814.4
BANKNIFTY,2018-04-26,25010.9
BANKNIFTY,2018-04-27,25394.6
BANKNIFTY,2018-04-30,25531.6
BANKNIFTY,2018-05-02,25568.3
BANKNIFTY,2018-05-03,25605.25
BANKNIFTY,2018-05-04,25645.4
BANKNIFTY,2018-05-07,25852.05
BANKNIFTY,2018-05-08,26090.5
BANKNIFTY,2018-05-09,26154.45
BANKNIFTY,2018-05-10,26131
BANKNIFTY,2018-05-11,26413.15
BANKNIFTY,2018-05-14,26475.15
BANKNIFTY,2018-05-15,26474
BANKNIFTY,2018-05-16,26182.15
BANKNIFTY,2018-05-17,26073.8
BANKNIFTY,2018-05-18,25875.6
BANKNIFTY,2018-05-21,25750.8
BANKNIFTY,2018-05-22,25777.7
BANKNIFTY,2018-05-23,25684.95
BANKNIFTY,2018-05-24,26016.8
BANKNIFTY,2018-05-25,26273.55
BANKNIFTY,2018-05-28,26614.25
BANKNIFTY,2018-05-29,26254.8
BANKNIFTY,2018-05-30,26327.8
BANKNIFTY,2018-05-31,26956.2
BANKNIFTY,2018-06-01,26692.8
BANKNIFTY,2018-06-04,26257.55
BANKNIFTY,2018-06-05,26251
BANKNIFTY,2018-06-06,26367.6
BANKNIFTY,2018-06-07,26517.8
BANKNIFTY,2018-06-08,26451.35
BANKNIFTY,2018-06-11,26453.55
BANKNIFTY,2018-06-12,26607.1
BANKNIFTY,2018-06-13,26642.8
BANKNIFTY,2018-06-14,26562.25
BANKNIFTY,2018-06-15,26417.4
BANKNIFTY,2018-06-18,26409.3
BANKNIFTY,2018-06-19,26265.75
BANKNIFTY,2018-06-20,26557.7
BANKNIFTY,2018-06-21,26496.95
BANKNIFTY,2018-06-22,26766.85
BANKNIFTY,2018-06-25,26609.7
BANKNIFTY,2018-06-26,26601.7
BANKNIFTY,2018-06-27,26423.4
BANKNIFTY,2018-06-28,26324.6
BANKNIFTY,2018-06-29,26364.2
BANKNIFTY,2018-07-02,26230.3
BANKNIFTY,2018-07-03,26204.1
BANKNIFTY,2018-07-04,26433.95
BANKNIFTY,2018-07-05,26503.3
BANKNIFTY,2018-07-06,26493.85
BANKNIFTY,2018-07-09,26753.3
BANKNIFTY,2018-07-10,26894.55
BANKNIFTY,2018-07-11,26816.2
BANKNIFTY,2018-07-12,27026.55
BANKNIFTY,2018-07-13,26935.95
BANKNIFTY,2018-07-16,26679.8
BANKNIFTY,2018-07-17,27008.1
BANKNIFTY,2018-07-18,26880.9
BANKNIFTY,2018-07-19,26789.65
BANKNIFTY,2018-07-20,26873.2
BANKNIFTY,2018-07-23,27008.15
BANKNIFTY,2018-07-24,26974.4
BANKNIFTY,2018-07-25,27031.3
BANKNIFTY,2018-07-26,27406.4
BANKNIFTY,2018-07-27,27634.4
BANKNIFTY,2018-07-30,27842.6
BANKNIFTY,2018-07-31,27764.15
BANKNIFTY,2018-08-01,27596.6
BANKNIFTY,2018-08-02,27355.95
BANKNIFTY,2018-08-03,27695.5
BANKNIFTY,2018-08-06,27898.5
BANKNIFTY,2018-08-07,27875.9
BANKNIFTY,2018-08-08,28062.45
BANKNIFTY,2018-08-09,28320
BANKNIFTY,2018-08-10,28124.25
BANKNIFTY,2018-08-13,27794.4
BANKNIFTY,2018-08-14,28021.7
BANKNIFTY,2018-08-16,27826.55
BANKNIFTY,2018-08-17,28128.55
BANKNIFTY,2018-08-20,28274.25
BANKNIFTY,2018-08-21,28257.9
BANKNIFTY,2018-08-23,28027.9
BANKNIFTY,2018-08-24,27834.7
BANKNIFTY,2018-08-27,28264.2
BANKNIFTY,2018-08-28,28269.65
BANKNIFTY,2018-08-29,28224.1
BANKNIFTY,2018-08-30,28103.25
BANKNIFTY,2018-08-31,28061.75
BANKNIFTY,2018-09-03,27819.5
BANKNIFTY,2018-09-04,27430.75
BANKNIFTY,2018-09-05,27376.05
BANKNIFTY,2018-09-06,27468.7
BANKNIFTY,2018-09-07,27481.45
BANKNIFTY,2018-09-10,27201.75
BANKNIFTY,2018-09-11,26807.5
BANKNIFTY,2018-09-12,26819.2
BANKNIFTY,2018-09-14,27163.85
BANKNIFTY,2018-09-17,26820.3
BANKNIFTY,2018-09-18,26441.45
BANKNIFTY,2018-09-19,26277.35
BANKNIFTY,2018-09-21,25596.9
BANKNIFTY,2018-09-24,24970.35
BANKNIFTY,2018-09-25,25330.35
BANKNIFTY,2018-09-26,25376.3
BANKNIFTY,2018-09-27,25042.15
BANKNIFTY,2018-09-28,25119.85
BANKNIFTY,2018-10-01,25367
BANKNIFTY,2018-10-03,25069.9
BANKNIFTY,2018-10-04,24819.3
BANKNIFTY,2018-10-05,24443.45
BANKNIFTY,2018-10-08,24618.35
BANKNIFTY,2018-10-09,24527.65
BANKNIFTY,2018-10-10,25321.7
BANKNIFTY,2018-10-11,24783.95
BANKNIFTY,2018-10-12,25395.85
BANKNIFTY,2018-10-15,25388.05
BANKNIFTY,2018-10-16,25589.65
BANKNIFTY,2018-10-17,25188.6
BANKNIFTY,2018-10-19,25085.8
BANKNIFTY,2018-10-22,25078.6
BANKNIFTY,2018-10-23,24972.45
BANKNIFTY,2018-10-24,25064.2
BANKNIFTY,2018-10-25,24817.45
BANKNIFTY,2018-10-26,24421.05
BANKNIFTY,2018-10-29,24959.7
BANKNIFTY,2018-10-30,24807.75
BANKNIFTY,2018-10-31,25153.25
BANKNIFTY,2018-11-01,25323.65
BANKNIFTY,2018-11-02,25701.65
BANKNIFTY,2018-11-05,25732.2
BANKNIFTY,2018-11-06,25598
BANKNIFTY,2018-11-07,25737.5
BANKNIFTY,2018-11-09,25771
BANKNIFTY,2018-11-12,25539.75
BANKNIFTY,2018-11-13,25768.6
BANKNIFTY,2018-11-14,25930.15
BANKNIFTY,2018-11-15,26154.75
BANKNIFTY,2018-11-16,26245.55
BANKNIFTY,2018-11-19,26300.7
BANKNIFTY,2018-11-20,26113.35
BANKNIFTY,2018-11-21,26262.05
BANKNIFTY,2018-11-22,25999.45
BANKNIFTY,2018-11-26,26365.6
BANKNIFTY,2018-11-27,26443.1
BANKNIFTY,2018-11-28,26457.95
BANKNIFTY,2018-11-29,26939.6
BANKNIFTY,2018-11-30,26862.95
BANKNIFTY,2018-12-03,26857.55
BANKNIFTY,2018-12-04,26693.8
BANKNIFTY,2018-12-05,26519.6
BANKNIFTY,2018-12-06,26198.3
BANKNIFTY,2018-12-07,26594.3
BANKNIFTY,2018-12-10,26102.65
BANKNIFTY,2018-12-11,26163.4
BANKNIFTY,2018-12-12,26643.85
BANKNIFTY,2018-12-13,26816.35
BANKNIFTY,2018-12-14,26826
BANKNIFTY,2018-12-17,27015.8
BANKNIFTY,2018-12-18,27174.7
BANKNIFTY,2018-12-19,27298.4
BANKNIFTY,2018-12-20,27275.1
BANKNIFTY,2018-12-21,26869.65
BANKNIFTY,2018-12-24,26714.75
BANKNIFTY,2018-12-26,26986.8
BANKNIFTY,2018-12-27,26878.55
BANKNIFTY,2018-12-28,27125.25
BANKNIFTY,2018-12-31,27160.2
BANKNIFTY,2019-01-01,27392.4
BANKNIFTY,2019-01-02,27174.7
BANKNIFTY,2019-01-03,26959.85
BANKNIFTY,2019-01-04,27195
BANKNIFTY,2019-01-07,27304.55
BANKNIFTY,2019-01-08,27509.5
BANKNIFTY,2019-01-09,27720.4
BANKNIFTY,2019-01-10,27528.55
BANKNIFTY,2019-01-11,27453.9
BANKNIFTY,2019-01-14,27248.25
BANKNIFTY,2019-01-15,27400.75
BANKNIFTY,2019-01-16,27483.7
BANKNIFTY,2019-01-17,27528.75
BANKNIFTY,2019-01-18,27456.7
BANKNIFTY,2019-01-21,27533.6
BANKNIFTY,2019-01-22,27482.25
BANKNIFTY,2019-01-23,27250.75
BANKNIFTY,2019-01-24,27266.4
BANKNIFTY,2019-01-25,27115.3
BANKNIFTY,2019-01-28,26653.05
BANKNIFTY,2019-01-29,26573.4
BANKNIFTY,2019-01-30,26825.5
BANKNIFTY,2019-01-31,27295.45
BANKNIFTY,2019-02-01,27085.95
BANKNIFTY,2019-02-04,27186.6
BANKNIFTY,2019-02-05,27271.7
BANKNIFTY,2019-02-06,27402.35
BANKNIFTY,2019-02-07,27387.15
BANKNIFTY,2019-02-08,27294.4
BANKNIFTY,2019-02-11,27227.8
BANKNIFTY,2019-02-12,27010.75
BANKNIFTY,2019-02-13,26885.4
BANKNIFTY,2019-02-14,26970.6
BANKNIFTY,2019-02-15,26794.25
BANKNIFTY,2019-02-18,26654.25
BANKNIFTY,2019-02-19,26684.85
BANKNIFTY,2019-02-20,26955.5
BANKNIFTY,2019-02-21,27052.4
BANKNIFTY,2019-02-22,26867.55
BANKNIFTY,2019-02-25,27159.25
BANKNIFTY,2019-02-26,26952.95
BANKNIFTY,2019-02-27,26799.3
BANKNIFTY,2019-02-28,26789.9
BANKNIFTY,2019-03-01,27043.9
BANKNIFTY,2019-03-05,27554.05
BANKNIFTY,2019-03-06,27625.65
BANKNIFTY,2019-03-07,27764.6
BANKNIFTY,2019-03-08,27761.8
BANKNIFTY,2019-03-11,27966.65
BANKNIFTY,2019-03-12,28443.7
BANKNIFTY,2019-03-13,28884.3
BANKNIFTY,2019-03-14,28923.1
BANKNIFTY,2019-03-15,29381.45
BANKNIFTY,2019-03-18,29596.1
BANKNIFTY,2019-03-19,29767.85
BANKNIFTY,2019-03-20,29832.2
BANKNIFTY,2019-03-22,29582.5
BANKNIFTY,2019-03-25,29281.2
BANKNIFTY,2019-03-26,29882.15
BANKNIFTY,2019-03-27,30019.8
BANKNIFTY,2019-03-28,30420.55
BANKNIFTY,2019-03-29,30426.8
BANKNIFTY,2019-04-01,30326.5
BANKNIFTY,2019-04-02,30354.25
BANKNIFTY,2019-04-03,30093.3
BANKNIFTY,2019-04-04,29904.9
BANKNIFTY,2019-04-05,30084.65
BANKNIFTY,2019-04-08,29845.3
BANKNIFTY,2019-04-09,30113.85
BANKNIFTY,2019-04-10,29803.5
BANKNIFTY,2019-04-11,29786.1
BANKNIFTY,2019-04-12,29938.55
BANKNIFTY,2019-04-15,30104.25
BANKNIFTY,2019-04-16,30531.35
BANKNIFTY,2019-04-18,30223.4
BANKNIFTY,2019-04-22,29687.95
BANKNIFTY,2019-04-23,29479.7
BANKNIFTY,2019-04-24,29860.8
BANKNIFTY,2019-04-25,29561.35
BANKNIFTY,2019-04-26,30013.5
BANKNIFTY,2019-04-30,29764.8
BANKNIFTY,2019-05-02,29708.6
BANKNIFTY,2019-05-03,29954.15
BANKNIFTY,2019-05-06,29618.45
BANKNIFTY,2019-05-07,29288.2
BANKNIFTY,2019-05-08,28994.4
BANKNIFTY,2019-05-09,28884.6
BANKNIFTY,2019-05-10,29040.5
BANKNIFTY,2019-05-13,28659.95
BANKNIFTY,2019-05-14,28829.2
BANKNIFTY,2019-05-15,28616.45
BANKNIFTY,2019-05-16,28855.3
BANKNIFTY,2019-05-17,29450.15
BANKNIFTY,2019-05-20,30759.7
BANKNIFTY,2019-05-21,30308.4
BANKNIFTY,2019-05-22,30526.8
BANKNIFTY,2019-05-23,30409.1
BANKNIFTY,2019-05-24,31212.55
BANKNIFTY,2019-05-27,31647.65
BANKNIFTY,2019-05-28,31597.9
BANKNIFTY,2019-05-29,31295.55
BANKNIFTY,2019-05-30,31537.1
BANKNIFTY,2019-05-31,31375.4
BANKNIFTY,2019-06-03,31653.65
BANKNIFTY,2019-06-04,31589.05
BANKNIFTY,2019-06-06,30857.4
BANKNIFTY,2019-06-07,31066.55
BANKNIFTY,2019-06-10,31034
BANKNIFTY,2019-06-11,31265.45
BANKNIFTY,2019-06-12,30965.7
BANKNIFTY,2019-06-13,30976.1
BANKNIFTY,2019-06-14,30614.35
BANKNIFTY,2019-06-17,30273.25
BANKNIFTY,2019-06-18,30351
BANKNIFTY,2019-06-19,30362.1
BANKNIFTY,2019-06-20,30781.1
BANKNIFTY,2019-06-21,30628.35
BANKNIFTY,2019-06-24,30602.05
BANKNIFTY,2019-06-25,30847.05
BANKNIFTY,2019-06-26,31162.35
BANKNIFTY,2019-06-27,31269.5
BANKNIFTY,2019-06-28,31105.2
BANKNIFTY,2019-07-01,31372.2
BANKNIFTY,2019-07-02,31283.3
BANKNIFTY,2019-07-03,31382.3
BANKNIFTY,2019-07-04,31471.85
BANKNIFTY,2019-07-05,31475.8
BANKNIFTY,2019-07-08,30603.85
BANKNIFTY,2019-07-09,30569.15
BANKNIFTY,2019-07-10,30522.1
BANKNIFTY,2019-07-11,30716.55
BANKNIFTY,2019-07-12,30601.45
BANKNIFTY,2019-07-15,30445.95
BANKNIFTY,2019-07-16,30570.8
BANKNIFTY,2019-07-17,30735.5
BANKNIFTY,2019-07-18,30430.6
BANKNIFTY,2019-07-19,29770.35
BANKNIFTY,2019-07-22,29284.95
BANKNIFTY,2019-07-23,29128.1
BANKNIFTY,2019-07-24,28952.25
BANKNIFTY,2019-07-25,29043.05
BANKNIFTY,2019-07-26,29325.3
BANKNIFTY,2019-07-29,29295.9
BANKNIFTY,2019-07-30,28791.6
BANKNIFTY,2019-07-31,28876
BANKNIFTY,2019-08-01,28367.25
BANKNIFTY,2019-08-02,28204.95
BANKNIFTY,2019-08-05,27648.05
BANKNIFTY,2019-08-06,28022.1
BANKNIFTY,2019-08-07,27702.05
BANKNIFTY,2019-08-08,28110.45
BANKNIFTY,2019-08-09,28431.9
BANKNIFTY,2019-08-13,27729.1
BANKNIFTY,2019-08-14,28019.2
BANKNIFTY,2019-08-16,28217
BANKNIFTY,2019-08-19,28186.1
BANKNIFTY,2019-08-20,27982.45
BANKNIFTY,2019-08-21,27719.05
BANKNIFTY,2019-08-22,27034.2
BANKNIFTY,2019-08-23,26958.65
BANKNIFTY,2019-08-26,27951.35
BANKNIFTY,2019-08-27,28126.15
BANKNIFTY,2019-08-28,27804.3
BANKNIFTY,2019-08-29,27305.2
BANKNIFTY,2019-08-30,27427.85
BANKNIFTY,2019-09-03,26824.15
BANKNIFTY,2019-09-04,27123.85
BANKNIFTY,2019-09-05,26919.7
BANKNIFTY,2019-09-06,27247.9
BANKNIFTY,2019-09-09,27504.65
BANKNIFTY,2019-09-11,27776.2
BANKNIFTY,2019-09-12,27818.5
BANKNIFTY,2019-09-13,28098.75
BANKNIFTY,2019-09-16,27855
BANKNIFTY,2019-09-17,27131.75
BANKNIFTY,2019-09-18,27172.65
BANKNIFTY,2019-09-19,26757.65
BANKNIFTY,2019-09-20,28981.55
BANKNIFTY,2019-09-23,30566.2
BANKNIFTY,2019-09-24,30183.1
BANKNIFTY,2019-09-25,29586.05
BANKNIFTY,2019-09-26,30002.6
BANKNIFTY,2019-09-27,29876.65
BANKNIFTY,2019-09-30,29103.15
BANKNIFTY,2019-10-01,28725.5
BANKNIFTY,2019-10-03,28414.1
BANKNIFTY,2019-10-04,27731.85
BANKNIFTY,2019-10-07,27767.55
BANKNIFTY,2019-10-09,28785.85
BANKNIFTY,2019-10-10,28013.45
BANKNIFTY,2019-10-11,28042.5
BANKNIFTY,2019-10-14,28181.95
BANKNIFTY,2019-10-15,28555.1
BANKNIFTY,2019-10-16,28538.8
BANKNIFTY,2019-10-17,28989.45
BANKNIFTY,2019-10-18,29120.25
BANKNIFTY,2019-10-22,29411.15
BANKNIFTY,2019-10-23,29459.6
BANKNIFTY,2019-10-24,29107.95
BANKNIFTY,2019-10-25,29395.95
BANKNIFTY,2019-10-27,29516.3
BANKNIFTY,2019-10-29,29873.05
BANKNIFTY,2019-10-30,29987.5
BANKNIFTY,2019-10-31,30066.25
BANKNIFTY,2019-11-01,30330.55
BANKNIFTY,2019-11-04,30333.1
BANKNIFTY,2019-11-05,30219.85
BANKNIFTY,2019-11-06,30609.6
BANKNIFTY,2019-11-07,30633.15
BANKNIFTY,2019-11-08,30749.4
BANKNIFTY,2019-11-11,31115.55
BANKNIFTY,2019-11-13,30541.55
BANKNIFTY,2019-11-14,30749.95
BANKNIFTY,2019-11-15,31008.4
BANKNIFTY,2019-11-18,30992.1
BANKNIFTY,2019-11-19,31236.25
BANKNIFTY,2019-11-20,31353.85
BANKNIFTY,2019-11-21,31349.95
BANKNIFTY,2019-11-22,31111.6
BANKNIFTY,2019-11-25,31555.9
BANKNIFTY,2019-11-26,31718.35
BANKNIFTY,2019-11-27,31875.95
BANKNIFTY,2019-11-28,32122.95
BANKNIFTY,2019-11-29,31946.1
BANKNIFTY,2019-12-02,31871.45
BANKNIFTY,2019-12-03,31613.35
BANKNIFTY,2019-12-04,31979.3
BANKNIFTY,2019-12-05,31712.95
BANKNIFTY,2019-12-06,31341.55
BANKNIFTY,2019-12-09,31316.65
BANKNIFTY,2019-12-10,31160.35
BANKNIFTY,2019-12-11,31256.75
BANKNIFTY,2019-12-12,31665.45
BANKNIFTY,2019-12-13,32014.25
BANKNIFTY,2019-12-16,31974.2
BANKNIFTY,2019-12-17,32140.25
BANKNIFTY,2019-12-18,32244.25
BANKNIFTY,2019-12-19,32241.45
BANKNIFTY,2019-12-20,32384.95
BANKNIFTY,2019-12-23,32339.45
BANKNIFTY,2019-12-24,32280.75
BANKNIFTY,2019-12-26,31997.7
BANKNIFTY,2019-12-27,32412.35
BANKNIFTY,2019-12-30,32354.9
BANKNIFTY,2019-12-31,32161.65
BANKNIFTY,2020-01-01,32102.9
BANKNIFTY,2020-01-02,32443.85
BANKNIFTY,2020-01-03,32069.25
BANKNIFTY,2020-01-06,31237.15
BANKNIFTY,2020-01-07,31399.4