PORTCODE,ASONDATE,VALUE
532540,15-01-2018,2746.1
532540,16-01-2018,2850.85
532540,17-01-2018,2888.95
532540,18-01-2018,2918.2
532540,19-01-2018,2959.3
532540,22-01-2018,3116.4
532540,23-01-2018,3102
532540,24-01-2018,3174.6
532540,25-01-2018,3121.05
532540,29-01-2018,3198.85
532540,30-01-2018,3152.85
532540,31-01-2018,3112.35
532540,01-02-2018,3138.6
532540,02-02-2018,3153.65
532540,05-02-2018,3103.2
532540,06-02-2018,2997.25
532540,07-02-2018,2955.05
532540,08-02-2018,2974.2
532540,09-02-2018,2971.7
532540,12-02-2018,2967.3
532540,14-02-2018,2911.8
532540,15-02-2018,2925.85
532540,16-02-2018,2933.05
532540,19-02-2018,2923.6
532540,20-02-2018,2944.75
532540,21-02-2018,3042.3
532540,22-02-2018,3050.2
532540,23-02-2018,3075.8
532540,26-02-2018,3031.7
532540,27-02-2018,3042.35
532540,28-02-2018,3035.05
532540,01-03-2018,3037.7
532540,05-03-2018,3105.85
532540,06-03-2018,3042.8
532540,07-03-2018,3027.45
532540,08-03-2018,3003.95
532540,09-03-2018,3034.1
532540,12-03-2018,3052.15
532540,13-03-2018,2886.8
532540,14-03-2018,2886.9
532540,15-03-2018,2869.7
532540,16-03-2018,2825.7
532540,19-03-2018,2831
532540,20-03-2018,2864.85
532540,21-03-2018,2856.75
532540,22-03-2018,2831.35
532540,23-03-2018,2818.15
532540,26-03-2018,2817
532540,27-03-2018,2847.7
532540,28-03-2018,2849.15
532540,02-04-2018,2909.65
532540,03-04-2018,2911.25
532540,04-04-2018,2910.9
532540,05-04-2018,2957.95
532540,06-04-2018,2950.3
532540,09-04-2018,2923.9
532540,10-04-2018,2937.6
532540,11-04-2018,3014.15
532540,12-04-2018,3139.25
532540,13-04-2018,3153.3
532540,16-04-2018,3187.65
532540,17-04-2018,3166.6
532540,18-04-2018,3159.1
532540,19-04-2018,3191.15
532540,20-04-2018,3402.45
532540,23-04-2018,3408.65
532540,24-04-2018,3385.65
532540,25-04-2018,3470.25
532540,26-04-2018,3539.25
532540,27-04-2018,3451.95
532540,30-04-2018,3532.1
532540,02-05-2018,3499.75
532540,03-05-2018,3481.85
532540,04-05-2018,3480.75
532540,07-05-2018,3420.95
532540,08-05-2018,3441.2
532540,09-05-2018,3489.3
532540,10-05-2018,3451.25
532540,11-05-2018,3456.95
532540,14-05-2018,3433.55
532540,15-05-2018,3482.4
532540,16-05-2018,3493.9
532540,17-05-2018,3491.8
532540,18-05-2018,3502.05
532540,21-05-2018,3556.75
532540,22-05-2018,3508.9
532540,23-05-2018,3495.1
532540,24-05-2018,3603.7
532540,25-05-2018,3585.8
532540,28-05-2018,3502.05
532540,29-05-2018,3523.5
532540,30-05-2018,3514.1
532540,31-05-2018,1741.05
532540,01-06-2018,1732.45
532540,04-06-2018,1744.25
532540,05-06-2018,1721.6
532540,06-06-2018,1725.75
532540,07-06-2018,1735.55
532540,08-06-2018,1747.1
532540,11-06-2018,1749.7
532540,12-06-2018,1781
532540,13-06-2018,1824.1
532540,14-06-2018,1787.55
532540,15-06-2018,1840.05
532540,18-06-2018,1829
532540,19-06-2018,1824.5
532540,20-06-2018,1822.45
532540,21-06-2018,1819.35
532540,22-06-2018,1809.8
532540,25-06-2018,1819.25
532540,26-06-2018,1852
532540,27-06-2018,1858
532540,28-06-2018,1842.7
532540,29-06-2018,1847.75
532540,02-07-2018,1851.35
532540,03-07-2018,1874.05
532540,04-07-2018,1866.15
532540,05-07-2018,1880.3
532540,06-07-2018,1912.95
532540,09-07-2018,1883
532540,10-07-2018,1875.1
532540,11-07-2018,1979.9
532540,12-07-2018,1971.35
532540,13-07-2018,1981.1
532540,16-07-2018,1989.2
532540,17-07-2018,2002.15
532540,18-07-2018,2000.25
532540,19-07-2018,1981.4
532540,20-07-2018,1996.6
532540,23-07-2018,2005.65
532540,24-07-2018,1999
532540,25-07-2018,1981.5
532540,26-07-2018,1964.7
532540,27-07-2018,1943.75
532540,30-07-2018,1944.6
532540,31-07-2018,1940.2
532540,01-08-2018,1976.5
532540,02-08-2018,1948.4
532540,03-08-2018,1979.45
532540,06-08-2018,1975.55
532540,07-08-2018,1967.35
532540,08-08-2018,1974
532540,09-08-2018,1974.35
532540,10-08-2018,1993.1
532540,13-08-2018,2000.15
532540,14-08-2018,2003.55
532540,16-08-2018,2008.5
532540,17-08-2018,2012.75
532540,20-08-2018,2009.95
532540,21-08-2018,2017.65
532540,23-08-2018,2035.1
532540,24-08-2018,2043
532540,27-08-2018,2050.9
532540,28-08-2018,2069.2
532540,29-08-2018,2072
532540,30-08-2018,2082.4
532540,31-08-2018,2078.4
532540,03-09-2018,2052.9
532540,04-09-2018,2098.9
532540,05-09-2018,2079.25
532540,06-09-2018,2075.3
532540,07-09-2018,2079.85
532540,10-09-2018,2080.75
532540,11-09-2018,2046.25
532540,12-09-2018,2043.95
532540,14-09-2018,2065.4
532540,17-09-2018,2074.15
532540,18-09-2018,2070.75
532540,19-09-2018,2077.9
532540,21-09-2018,2103.15
532540,24-09-2018,2198.45
532540,25-09-2018,2183.2
532540,26-09-2018,2142.15
532540,27-09-2018,2188.85
532540,28-09-2018,2183.7
532540,01-10-2018,2255.55
532540,03-10-2018,2162.85
532540,04-10-2018,2064.8
532540,05-10-2018,2102.65
532540,08-10-2018,2077.55
532540,09-10-2018,2091.8
532540,10-10-2018,2043.6
532540,11-10-2018,1979.95
532540,12-10-2018,1918.3
532540,15-10-2018,1949.5
532540,16-10-2018,1962.3
532540,17-10-2018,1929.4
532540,19-10-2018,1913.2
532540,22-10-2018,1903
532540,23-10-2018,1843.65
532540,24-10-2018,1848.5
532540,25-10-2018,1853
532540,26-10-2018,1799.1
532540,29-10-2018,1871
532540,30-10-2018,1894.8
532540,31-10-2018,1938.15
532540,01-11-2018,1935.75
532540,02-11-2018,1913.45
532540,05-11-2018,1890.85
532540,06-11-2018,1932.7
532540,07-11-2018,1942.15
532540,09-11-2018,1909.2
532540,12-11-2018,1914.85
532540,13-11-2018,1934.95
532540,14-11-2018,1880.65
532540,15-11-2018,1872.85
532540,16-11-2018,1886.6
532540,19-11-2018,1902.45
532540,20-11-2018,1878.25
532540,21-11-2018,1812
532540,22-11-2018,1812.55
532540,26-11-2018,1846.1
532540,27-11-2018,1890.25
532540,28-11-2018,1983.9
532540,29-11-2018,1960.55
532540,30-11-2018,1968.25
532540,03-12-2018,1982.4
532540,04-12-2018,2010.85
532540,05-12-2018,2006.75
532540,06-12-2018,1992.7
532540,07-12-2018,1995.2
532540,10-12-2018,1975.8
532540,11-12-2018,2000
532540,12-12-2018,2016.8
532540,13-12-2018,1982.6
532540,14-12-2018,1989.75
532540,17-12-2018,1994.3
532540,18-12-2018,1987.85
532540,19-12-2018,1968.45
532540,20-12-2018,1954.05
532540,21-12-2018,1895.8
532540,24-12-2018,1918.5
532540,26-12-2018,1889.2
532540,27-12-2018,1908.95
532540,28-12-2018,1896.05
532540,31-12-2018,1893.05
532540,01-01-2019,1902.8
532540,02-01-2019,1923.3
532540,03-01-2019,1899.95
532540,04-01-2019,1876.85
532540,07-01-2019,1897.9
532540,08-01-2019,1893.55
532540,09-01-2019,1886.95
532540,10-01-2019,1888.55
532540,11-01-2019,1842.55
532540,14-01-2019,1813.25
532540,15-01-2019,1867.8
532540,16-01-2019,1870.15
532540,17-01-2019,1894.3
532540,18-01-2019,1900.65
532540,21-01-2019,1908.7
532540,22-01-2019,1901.9
532540,23-01-2019,1875.6
532540,24-01-2019,1901.55
532540,25-01-2019,1920.8
532540,28-01-2019,1955
532540,29-01-2019,1982.75
532540,30-01-2019,1981.4
532540,31-01-2019,2014.1
532540,01-02-2019,2029.95
532540,04-02-2019,2050.25
532540,05-02-2019,2044.55
532540,06-02-2019,2074.8
532540,07-02-2019,2082.9
532540,08-02-2019,2061.4
532540,11-02-2019,2065.9
532540,12-02-2019,2051.6
532540,13-02-2019,2065.4
532540,14-02-2019,2044.6
532540,15-02-2019,2029.7
532540,18-02-2019,1970.3
532540,19-02-2019,1904.8
532540,20-02-2019,1914.75
532540,21-02-2019,1914.2
532540,22-02-2019,1925.65
532540,25-02-2019,1985.15
532540,26-02-2019,2038.7
532540,27-02-2019,2058.1
532540,28-02-2019,1983.45
532540,01-03-2019,1995.4
532540,05-03-2019,1988.1
532540,06-03-2019,1999.6
532540,07-03-2019,2013.3
532540,08-03-2019,2022.7
532540,11-03-2019,2014.8
532540,12-03-2019,2012.45
532540,13-03-2019,2000.5
532540,14-03-2019,1987.4
532540,15-03-2019,2039.95
532540,18-03-2019,2022.8
532540,19-03-2019,2022.8
532540,20-03-2019,2015.05
532540,22-03-2019,2005.65
532540,25-03-2019,1984.25
532540,26-03-2019,1982.65
532540,27-03-2019,1967.9
532540,28-03-2019,2000.3
532540,29-03-2019,2001.65
532540,01-04-2019,2031.65
532540,02-04-2019,2079.3
532540,03-04-2019,2079.3
532540,04-04-2019,2014.5
532540,05-04-2019,2048.3
532540,08-04-2019,2070.75
532540,09-04-2019,2091.5
532540,10-04-2019,2040.25
532540,11-04-2019,2019.5
532540,12-04-2019,2014.5
532540,15-04-2019,2113.3
532540,16-04-2019,2131.8
532540,18-04-2019,2150.05
532540,22-04-2019,2161.45
532540,23-04-2019,2155.05
532540,24-04-2019,2183.45
532540,25-04-2019,2195
532540,26-04-2019,2238.55
532540,30-04-2019,2260.35
532540,02-05-2019,2215.4
532540,03-05-2019,2132
532540,06-05-2019,2157.85
532540,07-05-2019,2151.95
532540,08-05-2019,2152.85
532540,09-05-2019,2172.55
532540,10-05-2019,2135.8
532540,13-05-2019,2128.75
532540,14-05-2019,2092.35
532540,15-05-2019,2095.4
532540,16-05-2019,2108.75
532540,17-05-2019,2095.45
532540,20-05-2019,2143.95
532540,21-05-2019,2109.75
532540,22-05-2019,2081.75
532540,23-05-2019,2054.05
532540,24-05-2019,2048
532540,27-05-2019,2055.15
532540,28-05-2019,2073.75
532540,29-05-2019,2107.55
532540,30-05-2019,2146.3
532540,31-05-2019,2196.55
532540,03-06-2019,2242.3
532540,04-06-2019,2183.1
532540,06-06-2019,2166.1
532540,07-06-2019,2181.75
532540,10-06-2019,2231.5
532540,11-06-2019,2252.8
532540,12-06-2019,2260.9
532540,13-06-2019,2254.1
532540,14-06-2019,2254.5
532540,17-06-2019,2249.2
532540,18-06-2019,2250.85
532540,19-06-2019,2259.9
532540,20-06-2019,2277.95
532540,21-06-2019,2249.85
532540,24-06-2019,2275.5
532540,25-06-2019,2267.8
532540,26-06-2019,2254.2
532540,27-06-2019,2252.55
532540,28-06-2019,2227.2
532540,01-07-2019,2239.55
532540,02-07-2019,2252.1
532540,03-07-2019,2237.65
532540,04-07-2019,2242.65
532540,05-07-2019,2163.1
532540,08-07-2019,2175.4
532540,09-07-2019,2133.35
532540,10-07-2019,2108.2
532540,11-07-2019,2102.55
532540,12-07-2019,2107.6
532540,15-07-2019,2145.7
532540,16-07-2019,2106
532540,17-07-2019,2117.25
532540,18-07-2019,2065.95
532540,19-07-2019,2076.95
532540,22-07-2019,2109.9
532540,23-07-2019,2112.45
532540,24-07-2019,2096.8
532540,25-07-2019,2127.9
532540,26-07-2019,2109.05
532540,29-07-2019,2130
532540,30-07-2019,2179.15
532540,31-07-2019,2205.7
532540,01-08-2019,2180.05
532540,02-08-2019,2205.3
532540,05-08-2019,2248.6
532540,06-08-2019,2214.9
532540,07-08-2019,2213.45
532540,08-08-2019,2258.1
532540,09-08-2019,2246.25
532540,13-08-2019,2199.45
532540,14-08-2019,2204.4
532540,16-08-2019,2165.1
532540,19-08-2019,2163
532540,20-08-2019,2186.75
532540,21-08-2019,2186.2
532540,22-08-2019,2216
532540,23-08-2019,2247.7
532540,26-08-2019,2276.3
532540,27-08-2019,2236.5
532540,28-08-2019,2239.25
532540,29-08-2019,2233.45
532540,30-08-2019,2259.6
532540,03-09-2019,2251.6
532540,04-09-2019,2245.4
532540,05-09-2019,2215.3
532540,06-09-2019,2197.5
532540,09-09-2019,2182.85
532540,11-09-2019,2154
532540,12-09-2019,2133.6
532540,13-09-2019,2141.95
532540,16-09-2019,2150
532540,17-09-2019,2122.65
532540,18-09-2019,2138.55
532540,19-09-2019,2101.95
532540,20-09-2019,2065.45
532540,23-09-2019,2015.8
532540,24-09-2019,2044.7
532540,25-09-2019,2088.45
532540,26-09-2019,2087.6
532540,27-09-2019,2056.15
532540,30-09-2019,2099.3
532540,01-10-2019,2059.95
532540,03-10-2019,2060.25
532540,04-10-2019,2079.35
532540,07-10-2019,2047.7
532540,09-10-2019,2020.1
532540,10-10-2019,2004.45
532540,11-10-2019,1986.85
532540,14-10-2019,2021
532540,15-10-2019,2037.3
532540,16-10-2019,2046.4
532540,17-10-2019,2030.95
532540,18-10-2019,2057.35
532540,22-10-2019,2051.4
532540,23-10-2019,2070.1
532540,24-10-2019,2082
532540,25-10-2019,2124.95
532540,27-10-2019,2115.7
532540,29-10-2019,2194.85
532540,30-10-2019,2252.8
532540,31-10-2019,2269.65
532540,01-11-2019,2200.9
532540,04-11-2019,2193.95
532540,05-11-2019,2201.85
532540,06-11-2019,2188.5
532540,07-11-2019,2185.35
532540,08-11-2019,2129.95
532540,11-11-2019,2100.95
532540,13-11-2019,2178.6
532540,14-11-2019,2196.8
532540,15-11-2019,2174.45
532540,18-11-2019,2152.6
532540,19-11-2019,2108.8
532540,20-11-2019,2108.55
532540,21-11-2019,2118.1
532540,22-11-2019,2071.7
532540,25-11-2019,2081.5
532540,26-11-2019,2046.65
532540,27-11-2019,2054.3
532540,28-11-2019,2077.35
532540,29-11-2019,2053.25
532540,02-12-2019,2021.05
532540,03-12-2019,2051
532540,04-12-2019,2078.5
532540,05-12-2019,2121.3
532540,06-12-2019,2123.6
532540,09-12-2019,2060.45
532540,10-12-2019,2012.85
532540,11-12-2019,2041.9
532540,12-12-2019,2020.9
532540,13-12-2019,2071.25
532540,16-12-2019,2126.75
532540,17-12-2019,2164.95
532540,18-12-2019,2167.75
532540,19-12-2019,2229.05
532540,20-12-2019,2222.9
532540,23-12-2019,2231.7
532540,24-12-2019,2215.6
532540,26-12-2019,2201.95
532540,27-12-2019,2198.5
532540,30-12-2019,2183.2
532540,31-12-2019,2161.7
532540,01-01-2020,2167.6
532540,02-01-2020,2157.65
532540,03-01-2020,2200.65
532540,06-01-2020,2200.45
532540,07-01-2020,2205.85
532540,08-01-2020,2255.25
532540,09-01-2020,2214.35
532540,10-01-2020,2213.55
532540,13-01-2020,2190.35
532540,14-01-2020,2206.9
501209,15-01-2018,1081.15
501209,16-01-2018,1122.85
501209,17-01-2018,1152.1
501209,18-01-2018,1152.7
501209,19-01-2018,1143.45
501209,22-01-2018,1150
501209,23-01-2018,1177.1
501209,24-01-2018,1185.8
501209,25-01-2018,1175.4
501209,29-01-2018,1182.9
501209,30-01-2018,1170.65
501209,31-01-2018,1150.25
501209,01-02-2018,1144.6
501209,02-02-2018,1143.25
501209,05-02-2018,1138.2
501209,06-02-2018,1107.75
501209,07-02-2018,1109.05
501209,08-02-2018,1134.25
501209,09-02-2018,1109.15
501209,12-02-2018,1102.8
501209,14-02-2018,1097.75
501209,15-02-2018,1114.45
501209,16-02-2018,1128.05
501209,19-02-2018,1131.75
501209,20-02-2018,1136.95
501209,21-02-2018,1147.4
501209,22-02-2018,1160.75
501209,23-02-2018,1155.65
501209,26-02-2018,1138.6
501209,27-02-2018,1150.2
501209,28-02-2018,1172.6
501209,01-03-2018,1160.75
501209,05-03-2018,1155.9
501209,06-03-2018,1151.35
501209,07-03-2018,1144.1
501209,08-03-2018,1156.65
501209,09-03-2018,1163.4
501209,12-03-2018,1185.75
501209,13-03-2018,1183.8
501209,14-03-2018,1180.8
501209,15-03-2018,1182.5
501209,16-03-2018,1171.9
501209,19-03-2018,1146.75
501209,20-03-2018,1164.55
501209,21-03-2018,1167.5
501209,22-03-2018,1161.3
501209,23-03-2018,1167.6
501209,26-03-2018,1155.25
501209,27-03-2018,1154
501209,28-03-2018,1131.8
501209,02-04-2018,1137.15
501209,03-04-2018,1140.45
501209,04-04-2018,1124.2
501209,05-04-2018,1147.55
501209,06-04-2018,1127
501209,09-04-2018,1111.25
501209,10-04-2018,1113.4
501209,11-04-2018,1124.25
501209,12-04-2018,1162.6
501209,13-04-2018,1171.45
501209,16-04-2018,1133.2
501209,17-04-2018,1125.2
501209,18-04-2018,1125.95
501209,19-04-2018,1132.85
501209,20-04-2018,1178.45
501209,23-04-2018,1187.7
501209,24-04-2018,1154.5
501209,25-04-2018,1160.35
501209,26-04-2018,1176.45
501209,27-04-2018,1185.2
501209,30-04-2018,1199.5
501209,02-05-2018,1197.05
501209,03-05-2018,1182.55
501209,04-05-2018,1173.1
501209,07-05-2018,1183
501209,08-05-2018,1165.55
501209,09-05-2018,1170.7
501209,10-05-2018,1168
501209,11-05-2018,1180.75
501209,14-05-2018,1189.3
501209,15-05-2018,1194.55
501209,16-05-2018,1189.95
501209,17-05-2018,1182.9
501209,18-05-2018,1183.2
501209,21-05-2018,1179.5
501209,22-05-2018,1193.85
501209,23-05-2018,1184.9
501209,24-05-2018,1221
501209,25-05-2018,1228.3
501209,28-05-2018,1214.4
501209,29-05-2018,1216.7
501209,30-05-2018,1211.7
501209,31-05-2018,1231.8
501209,01-06-2018,1220.8
501209,04-06-2018,1239.4
501209,05-06-2018,1220.85
501209,06-06-2018,1237.45
501209,07-06-2018,1252.45
501209,08-06-2018,1260.05
501209,11-06-2018,1262.4
501209,12-06-2018,1258.5
501209,13-06-2018,1274.8
501209,14-06-2018,1239.7
501209,15-06-2018,1281.25
501209,18-06-2018,1267.4
501209,19-06-2018,1241.6
501209,20-06-2018,1243.15
501209,21-06-2018,1246.55
501209,22-06-2018,1247.85
501209,25-06-2018,1272.45
501209,26-06-2018,1277.85
501209,27-06-2018,1270
501209,28-06-2018,1289.6
501209,29-06-2018,1307.2
501209,02-07-2018,1334.7
501209,03-07-2018,1353.75
501209,04-07-2018,1345.2
501209,05-07-2018,1284
501209,06-07-2018,1284.25
501209,09-07-2018,1298.85
501209,10-07-2018,1301.4
501209,11-07-2018,1320.45
501209,12-07-2018,1294.35
501209,13-07-2018,1317.4
501209,16-07-2018,1332.85
501209,17-07-2018,1327.9
501209,18-07-2018,1322.55
501209,19-07-2018,1316.7
501209,20-07-2018,1348.1
501209,23-07-2018,1355.95
501209,24-07-2018,1377.15
501209,25-07-2018,1383.75
501209,26-07-2018,1373.25
501209,27-07-2018,1373.45
501209,30-07-2018,1351
501209,31-07-2018,1365.1
501209,01-08-2018,1354.05
501209,02-08-2018,1353.65
501209,03-08-2018,1364.1
501209,06-08-2018,1360.65
501209,07-08-2018,1367.95
501209,08-08-2018,1362.75
501209,09-08-2018,1379.95
501209,10-08-2018,1385.45
501209,13-08-2018,1408.75
501209,14-08-2018,1408.3
501209,16-08-2018,1429.55
501209,17-08-2018,1430.35
501209,20-08-2018,1384.25
501209,21-08-2018,1383.95
501209,23-08-2018,1397.4
501209,24-08-2018,1378.3
501209,27-08-2018,1415.4
501209,28-08-2018,1424.7
501209,29-08-2018,1410.1
501209,30-08-2018,1416.2
501209,31-08-2018,1441.1
501209,03-09-2018,1434.25
501209,04-09-2018,737.15
501209,05-09-2018,729.9
501209,06-09-2018,727.15
501209,07-09-2018,732.8
501209,10-09-2018,730.85
501209,11-09-2018,734.3
501209,12-09-2018,742.9
501209,14-09-2018,733.7
501209,17-09-2018,725.95
501209,18-09-2018,719.1
501209,19-09-2018,719.75
501209,21-09-2018,705.3
501209,24-09-2018,718.25
501209,25-09-2018,726.2
501209,26-09-2018,717.85
501209,27-09-2018,724.8
501209,28-09-2018,730.05
501209,01-10-2018,746.65
501209,03-10-2018,728.5
501209,04-10-2018,707.2
501209,05-10-2018,724.6
501209,08-10-2018,714.45
501209,09-10-2018,717.75
501209,10-10-2018,700.45
501209,11-10-2018,673.35
501209,12-10-2018,678.8
501209,15-10-2018,698.8
501209,16-10-2018,695.25
501209,17-10-2018,705.35
501209,19-10-2018,683.55
501209,22-10-2018,679.95
501209,23-10-2018,657.6
501209,24-10-2018,649.8
501209,25-10-2018,648.75
501209,26-10-2018,633.6
501209,29-10-2018,644.75
501209,30-10-2018,659.6
501209,31-10-2018,686.4
501209,01-11-2018,666.7
501209,02-11-2018,662.25
501209,05-11-2018,666
501209,06-11-2018,666.45
501209,07-11-2018,675.5
501209,09-11-2018,659.5
501209,12-11-2018,664.2
501209,13-11-2018,665.7
501209,14-11-2018,653.2
501209,15-11-2018,656.4
501209,16-11-2018,650.85
501209,19-11-2018,651.7
501209,20-11-2018,641.4
501209,21-11-2018,619.1
501209,22-11-2018,620.75
501209,26-11-2018,621.45
501209,27-11-2018,638.9
501209,28-11-2018,666.4
501209,29-11-2018,661.05
501209,30-11-2018,667.45
501209,03-12-2018,670.35
501209,04-12-2018,685.25
501209,05-12-2018,681.4
501209,06-12-2018,668.5
501209,07-12-2018,682.8
501209,10-12-2018,669.2
501209,11-12-2018,674.5
501209,12-12-2018,678.5
501209,13-12-2018,697.75
501209,14-12-2018,706.05
501209,17-12-2018,694.4
501209,18-12-2018,676.6
501209,19-12-2018,664.85
501209,20-12-2018,667.05
501209,21-12-2018,646.2
501209,24-12-2018,649
501209,26-12-2018,644.05
501209,27-12-2018,656.8
501209,28-12-2018,656.95
501209,31-12-2018,658.95
501209,01-01-2019,665.05
501209,02-01-2019,669.05
501209,03-01-2019,669.15
501209,04-01-2019,661.05
501209,07-01-2019,671.7
501209,08-01-2019,670.05
501209,09-01-2019,676.1
501209,10-01-2019,679.7
501209,11-01-2019,683.5
501209,14-01-2019,701.9
501209,15-01-2019,726.6
501209,16-01-2019,736.8
501209,17-01-2019,733.35
501209,18-01-2019,730.95
501209,21-01-2019,745
501209,22-01-2019,745.35
501209,23-01-2019,731.65
501209,24-01-2019,732
501209,25-01-2019,730.35
501209,28-01-2019,727.95
501209,29-01-2019,727.9
501209,30-01-2019,725.9
501209,31-01-2019,749.55
501209,01-02-2019,757.05
501209,04-02-2019,755.9
501209,05-02-2019,754.85
501209,06-02-2019,763.3
501209,07-02-2019,764
501209,08-02-2019,760.9
501209,11-02-2019,762.8
501209,12-02-2019,750.45
501209,13-02-2019,754.9
501209,14-02-2019,740.05
501209,15-02-2019,741.95
501209,18-02-2019,741.05
501209,19-02-2019,724.3
501209,20-02-2019,740.7
501209,21-02-2019,733.45
501209,22-02-2019,734.95
501209,25-02-2019,754.9
501209,26-02-2019,742.5
501209,27-02-2019,735.25
501209,28-02-2019,734.3
501209,01-03-2019,741.9
501209,05-03-2019,732.5
501209,06-03-2019,732.5
501209,07-03-2019,722.95
501209,08-03-2019,712.35
501209,11-03-2019,711.25
501209,12-03-2019,706.95
501209,13-03-2019,708.45
501209,14-03-2019,708.35
501209,15-03-2019,718.55
501209,18-03-2019,710.2
501209,19-03-2019,722.25
501209,20-03-2019,738.95
501209,22-03-2019,743.1
501209,25-03-2019,735.25
501209,26-03-2019,727.75
501209,27-03-2019,729.7
501209,28-03-2019,737.8
501209,29-03-2019,743.85
501209,01-04-2019,755.1
501209,02-04-2019,759.4
501209,03-04-2019,753.3
501209,04-04-2019,747.9
501209,05-04-2019,759.3
501209,08-04-2019,767.25
501209,09-04-2019,760.6
501209,10-04-2019,752.7
501209,11-04-2019,742.7
501209,12-04-2019,747.75
501209,15-04-2019,727.5
501209,16-04-2019,724.1
501209,18-04-2019,717.05
501209,22-04-2019,721.05
501209,23-04-2019,728.2
501209,24-04-2019,736.45
501209,25-04-2019,728.55
501209,26-04-2019,738
501209,30-04-2019,751.35
501209,02-05-2019,730.8
501209,03-05-2019,723.6
501209,06-05-2019,718.4
501209,07-05-2019,724.55
501209,08-05-2019,719.35
501209,09-05-2019,721.05
501209,10-05-2019,716.85
501209,13-05-2019,719.7
501209,14-05-2019,713.85
501209,15-05-2019,716.1
501209,16-05-2019,733.1
501209,17-05-2019,723.9
501209,20-05-2019,722.4
501209,21-05-2019,709.3
501209,22-05-2019,709.75
501209,23-05-2019,701.05
501209,24-05-2019,709.2
501209,27-05-2019,708.1
501209,28-05-2019,728.1
501209,29-05-2019,727.8
501209,30-05-2019,733.55
501209,31-05-2019,737.75
501209,03-06-2019,744.65
501209,04-06-2019,735.3
501209,06-06-2019,735.6
501209,07-06-2019,739.1
501209,10-06-2019,753.5
501209,11-06-2019,754.9
501209,12-06-2019,753.8
501209,13-06-2019,742.65
501209,14-06-2019,740.45
501209,17-06-2019,740.55
501209,18-06-2019,750.15
501209,19-06-2019,751.9
501209,20-06-2019,754.9
501209,21-06-2019,750.2
501209,24-06-2019,745.5
501209,25-06-2019,748.1
501209,26-06-2019,739.2
501209,27-06-2019,730.55
501209,28-06-2019,732
501209,01-07-2019,731.3
501209,02-07-2019,740
501209,03-07-2019,731.3
501209,04-07-2019,733.8
501209,05-07-2019,718
501209,08-07-2019,717.6
501209,09-07-2019,715.5
501209,10-07-2019,717.25
501209,11-07-2019,721.5
501209,12-07-2019,726.75
501209,15-07-2019,779.35
501209,16-07-2019,784.85
501209,17-07-2019,794.15
501209,18-07-2019,792.7
501209,19-07-2019,785.4
501209,22-07-2019,784.4
501209,23-07-2019,790.05
501209,24-07-2019,786.3
501209,25-07-2019,794.5
501209,26-07-2019,787
501209,29-07-2019,791.45
501209,30-07-2019,792.7
501209,31-07-2019,793.65
501209,01-08-2019,768.85
501209,02-08-2019,775.6
501209,05-08-2019,776.7
501209,06-08-2019,774.45
501209,07-08-2019,776.1
501209,08-08-2019,788.75
501209,09-08-2019,789.85
501209,13-08-2019,764.75
501209,14-08-2019,774.8
501209,16-08-2019,774.55
501209,19-08-2019,777.65
501209,20-08-2019,792.75
501209,21-08-2019,799.45
501209,22-08-2019,795.7
501209,23-08-2019,802.2
501209,26-08-2019,802.55
501209,27-08-2019,784.65
501209,28-08-2019,802.5
501209,29-08-2019,806.95
501209,30-08-2019,814.9
501209,03-09-2019,814.25
501209,04-09-2019,821.3
501209,05-09-2019,834.05
501209,06-09-2019,840.15
501209,09-09-2019,829.1
501209,11-09-2019,820.1
501209,12-09-2019,816.4
501209,13-09-2019,829.3
501209,16-09-2019,827.7
501209,17-09-2019,831.25
501209,18-09-2019,829.85
501209,19-09-2019,820.7
501209,20-09-2019,805
501209,23-09-2019,764.35
501209,24-09-2019,794.05
501209,25-09-2019,792.65
501209,26-09-2019,782.55
501209,27-09-2019,782.2
501209,30-09-2019,805.65
501209,01-10-2019,793.55
501209,03-10-2019,785.6
501209,04-10-2019,793.45
501209,07-10-2019,789.55
501209,09-10-2019,783.65
501209,10-10-2019,783.05
501209,11-10-2019,814.8
501209,14-10-2019,786.1
501209,15-10-2019,768.3
501209,16-10-2019,771.45
501209,17-10-2019,769.5
501209,18-10-2019,767.85
501209,22-10-2019,643.55
501209,23-10-2019,650.6
501209,24-10-2019,635.35
501209,25-10-2019,637.45
501209,27-10-2019,648.85
501209,29-10-2019,650.65
501209,30-10-2019,660.6
501209,31-10-2019,685.6
501209,01-11-2019,687.9
501209,04-11-2019,709
501209,05-11-2019,696.1
501209,06-11-2019,712.3
501209,07-11-2019,720.1
501209,08-11-2019,708.15
501209,11-11-2019,704.4
501209,13-11-2019,691.35
501209,14-11-2019,705.3
501209,15-11-2019,703.9
501209,18-11-2019,705.2
501209,19-11-2019,712.85
501209,20-11-2019,713
501209,21-11-2019,713.25
501209,22-11-2019,693.2
501209,25-11-2019,698.1
501209,26-11-2019,690.6
501209,27-11-2019,695.75
501209,28-11-2019,701.85
501209,29-11-2019,696.35
501209,02-12-2019,692.7
501209,03-12-2019,698.35
501209,04-12-2019,708.85
501209,05-12-2019,714.85
501209,06-12-2019,715.1
501209,09-12-2019,717.25
501209,10-12-2019,714.55
501209,11-12-2019,721.05
501209,12-12-2019,702.1
501209,13-12-2019,711.3
501209,16-12-2019,714
501209,17-12-2019,729.7
501209,18-12-2019,732.45
501209,19-12-2019,730.85
501209,20-12-2019,731.55
501209,23-12-2019,736
501209,24-12-2019,733.4
501209,26-12-2019,728.95
501209,27-12-2019,736.95
501209,30-12-2019,732.9
501209,31-12-2019,731.15
501209,01-01-2020,736.85
501209,02-01-2020,734.7
501209,03-01-2020,746
501209,06-01-2020,738.85
501209,07-01-2020,727.9
501209,08-01-2020,718.2
501209,09-01-2020,727.55
501209,10-01-2020,738.15
501209,13-01-2020,773.55
501209,14-01-2020,775.65
532555,15-01-2018,172.95
532555,16-01-2018,173.25
532555,17-01-2018,174.25
532555,18-01-2018,172.15
532555,19-01-2018,172.75
532555,22-01-2018,172.4
532555,23-01-2018,172.7
532555,24-01-2018,174
532555,25-01-2018,171.95
532555,29-01-2018,171.05
532555,30-01-2018,170.3
532555,31-01-2018,170.25
532555,01-02-2018,169.05
532555,02-02-2018,165.2
532555,05-02-2018,166.25
532555,06-02-2018,165.3
532555,07-02-2018,165.45
532555,08-02-2018,163.7
532555,09-02-2018,163.25
532555,12-02-2018,164.9
532555,14-02-2018,162.95
532555,15-02-2018,163.2
532555,16-02-2018,162.8
532555,19-02-2018,162.9
532555,20-02-2018,164.2
532555,21-02-2018,162.3
532555,22-02-2018,160.75
532555,23-02-2018,163.55
532555,26-02-2018,162.95
532555,27-02-2018,165.55
532555,28-02-2018,163.25
532555,01-03-2018,163
532555,05-03-2018,163.3
532555,06-03-2018,163.35
532555,07-03-2018,163.5
532555,08-03-2018,165.3
532555,09-03-2018,164.4
532555,12-03-2018,171.15
532555,13-03-2018,169.4
532555,14-03-2018,169.7
532555,15-03-2018,169.9
532555,16-03-2018,164.85
532555,19-03-2018,167
532555,20-03-2018,166.4
532555,21-03-2018,170.35
532555,22-03-2018,170.95
532555,23-03-2018,170.05
532555,26-03-2018,169.85
532555,27-03-2018,171.05
532555,28-03-2018,169.7
532555,02-04-2018,170.4
532555,03-04-2018,169.35
532555,04-04-2018,166.55
532555,05-04-2018,168.95
532555,06-04-2018,169.45
532555,09-04-2018,169.65
532555,10-04-2018,168.4
532555,11-04-2018,168.5
532555,12-04-2018,169.5
532555,13-04-2018,170.95
532555,16-04-2018,174.1
532555,17-04-2018,176.95
532555,18-04-2018,178.55
532555,19-04-2018,177.55
532555,20-04-2018,174.35
532555,23-04-2018,173.6
532555,24-04-2018,172.85
532555,25-04-2018,171.85
532555,26-04-2018,172
532555,27-04-2018,170.75
532555,30-04-2018,172.15
532555,02-05-2018,170.4
532555,03-05-2018,174.3
532555,04-05-2018,170.9
532555,07-05-2018,170.5
532555,08-05-2018,171.4
532555,09-05-2018,170.4
532555,10-05-2018,168.5
532555,11-05-2018,167.45
532555,14-05-2018,171.65
532555,15-05-2018,170.1
532555,16-05-2018,170
532555,17-05-2018,167.1
532555,18-05-2018,166.6
532555,21-05-2018,164.4
532555,22-05-2018,165.15
532555,23-05-2018,166.55
532555,24-05-2018,165.05
532555,25-05-2018,165.3
532555,28-05-2018,167.7
532555,29-05-2018,165.95
532555,30-05-2018,165.3
532555,31-05-2018,167.55
532555,01-06-2018,164.35
532555,04-06-2018,162.05
532555,05-06-2018,161.3
532555,06-06-2018,162.5
532555,07-06-2018,162.5
532555,08-06-2018,161.45
532555,11-06-2018,161.75
532555,12-06-2018,161.3
532555,13-06-2018,160.25
532555,14-06-2018,158.4
532555,15-06-2018,156.05
532555,18-06-2018,157
532555,19-06-2018,156.15
532555,20-06-2018,157.05
532555,21-06-2018,155.25
532555,22-06-2018,157.3
532555,25-06-2018,154.65
532555,26-06-2018,155.6
532555,27-06-2018,153.8
532555,28-06-2018,156.4
532555,29-06-2018,159.65
532555,02-07-2018,153.55
532555,03-07-2018,155
532555,04-07-2018,152.9
532555,05-07-2018,152.15
532555,06-07-2018,150.15
532555,09-07-2018,151.25
532555,10-07-2018,153.9
532555,11-07-2018,152.7
532555,12-07-2018,154.05
532555,13-07-2018,152.95
532555,16-07-2018,155.6
532555,17-07-2018,155.3
532555,18-07-2018,155.25
532555,19-07-2018,154.55
532555,20-07-2018,155.65
532555,23-07-2018,158.15
532555,24-07-2018,157.45
532555,25-07-2018,151
532555,26-07-2018,153.35
532555,27-07-2018,154.95
532555,30-07-2018,155.9
532555,31-07-2018,154.85
532555,01-08-2018,155.35
532555,02-08-2018,155.4
532555,03-08-2018,156.45
532555,06-08-2018,156.75
532555,07-08-2018,158.85
532555,08-08-2018,158.25
532555,09-08-2018,160.7
532555,10-08-2018,159.55
532555,13-08-2018,158
532555,14-08-2018,156.9
532555,16-08-2018,158.55
532555,17-08-2018,158
532555,20-08-2018,158.55
532555,21-08-2018,160.85
532555,23-08-2018,164.35
532555,24-08-2018,164.3
532555,27-08-2018,166.15
532555,28-08-2018,168.3
532555,29-08-2018,166.05
532555,30-08-2018,169.7
532555,31-08-2018,171.5
532555,03-09-2018,169.5
532555,04-09-2018,168.1
532555,05-09-2018,167.95
532555,06-09-2018,168.9
532555,07-09-2018,169.55
532555,10-09-2018,169.2
532555,11-09-2018,169.75
532555,12-09-2018,170
532555,14-09-2018,174.95
532555,17-09-2018,172.25
532555,18-09-2018,169.7
532555,19-09-2018,169.15
532555,21-09-2018,168.25
532555,24-09-2018,167.9
532555,25-09-2018,170
532555,26-09-2018,167.8
532555,27-09-2018,167.95
532555,28-09-2018,166.85
532555,01-10-2018,169.6
532555,03-10-2018,167.35
532555,04-10-2018,166.8
532555,05-10-2018,162.9
532555,08-10-2018,163.45
532555,09-10-2018,161.7
532555,10-10-2018,164.35
532555,11-10-2018,163.15
532555,12-10-2018,164.2
532555,15-10-2018,164.65
532555,16-10-2018,163.95
532555,17-10-2018,162.9
532555,19-10-2018,161.45
532555,22-10-2018,164.85
532555,23-10-2018,165
532555,24-10-2018,163.05
532555,25-10-2018,162.3
532555,26-10-2018,159.3
532555,29-10-2018,158.95
532555,30-10-2018,159.4
532555,31-10-2018,159.65
532555,01-11-2018,157
532555,02-11-2018,158
532555,05-11-2018,153.5
532555,06-11-2018,154.15
532555,07-11-2018,154.85
532555,09-11-2018,154.45
532555,12-11-2018,152.8
532555,13-11-2018,156.8
532555,14-11-2018,157.35
532555,15-11-2018,153.8
532555,16-11-2018,154.05
532555,19-11-2018,152.95
532555,20-11-2018,149.15
532555,21-11-2018,147.85
532555,22-11-2018,146
532555,26-11-2018,144.7
532555,27-11-2018,145.75
532555,28-11-2018,143.45
532555,29-11-2018,142.25
532555,30-11-2018,140.3
532555,03-12-2018,144.9
532555,04-12-2018,143.2
532555,05-12-2018,141.05
532555,06-12-2018,139.8
532555,07-12-2018,137.85
532555,10-12-2018,136.2
532555,11-12-2018,137.35
532555,12-12-2018,140.7
532555,13-12-2018,141.05
532555,14-12-2018,143.5
532555,17-12-2018,146.1
532555,18-12-2018,147.7
532555,19-12-2018,149.8
532555,20-12-2018,149.3
532555,21-12-2018,150.55
532555,24-12-2018,146.4
532555,26-12-2018,145.55
532555,27-12-2018,148.3
532555,28-12-2018,149.85
532555,31-12-2018,149.05
532555,01-01-2019,148.7
532555,02-01-2019,147
532555,03-01-2019,143.4
532555,04-01-2019,145.75
532555,07-01-2019,148.6
532555,08-01-2019,146.95
532555,09-01-2019,146.55
532555,10-01-2019,148.1
532555,11-01-2019,148
532555,14-01-2019,145.55
532555,15-01-2019,145.8
532555,16-01-2019,146.35
532555,17-01-2019,144.9
532555,18-01-2019,144.3
532555,21-01-2019,143.4
532555,22-01-2019,142.8
532555,23-01-2019,140.75
532555,24-01-2019,140.05
532555,25-01-2019,138.3
532555,28-01-2019,138.6
532555,29-01-2019,138.5
532555,30-01-2019,138.7
532555,31-01-2019,139.7
532555,01-02-2019,140.15
532555,04-02-2019,137.25
532555,05-02-2019,138.05
532555,06-02-2019,137.1
532555,07-02-2019,135.95
532555,08-02-2019,132.05
532555,11-02-2019,130.35
532555,12-02-2019,133.25
532555,13-02-2019,131.1
532555,14-02-2019,131.25
532555,15-02-2019,136.25
532555,18-02-2019,137.45
532555,19-02-2019,133.7
532555,20-02-2019,137.2
532555,21-02-2019,136.45
532555,22-02-2019,139.7
532555,25-02-2019,140.35
532555,26-02-2019,140.55
532555,27-02-2019,138.75
532555,28-02-2019,141.25
532555,01-03-2019,143
532555,05-03-2019,147
532555,06-03-2019,148.95
532555,07-03-2019,146.2
532555,08-03-2019,152.2
532555,11-03-2019,151.4
532555,12-03-2019,151.25
532555,13-03-2019,148.2
532555,14-03-2019,153.65
532555,15-03-2019,158.05
532555,18-03-2019,158.75
532555,19-03-2019,134.9
532555,20-03-2019,129.25
532555,22-03-2019,134.65
532555,25-03-2019,135.35
532555,26-03-2019,140.8
532555,27-03-2019,137
532555,28-03-2019,135.75
532555,29-03-2019,134.7
532555,01-04-2019,135.1
532555,02-04-2019,135.15
532555,03-04-2019,134.8
532555,04-04-2019,135.65
532555,05-04-2019,134.8
532555,08-04-2019,135.55
532555,09-04-2019,135.9
532555,10-04-2019,134.6
532555,11-04-2019,135.95
532555,12-04-2019,135.95
532555,15-04-2019,136.75
532555,16-04-2019,137.55
532555,18-04-2019,135.35
532555,22-04-2019,136
532555,23-04-2019,133.65
532555,24-04-2019,133.95
532555,25-04-2019,132.9
532555,26-04-2019,134.1
532555,30-04-2019,134.05
532555,02-05-2019,133.1
532555,03-05-2019,135.45
532555,06-05-2019,135
532555,07-05-2019,134.1
532555,08-05-2019,130.8
532555,09-05-2019,127.7
532555,10-05-2019,127
532555,13-05-2019,123.55
532555,14-05-2019,125.6
532555,15-05-2019,123.95
532555,16-05-2019,125.75
532555,17-05-2019,125.5
532555,20-05-2019,129.25
532555,21-05-2019,128.6
532555,22-05-2019,129.6
532555,23-05-2019,129.85
532555,24-05-2019,129.15
532555,27-05-2019,133.2
532555,28-05-2019,132.6
532555,29-05-2019,130.9
532555,30-05-2019,135.1
532555,31-05-2019,133.25
532555,03-06-2019,133.1
532555,04-06-2019,135.05
532555,06-06-2019,136.55
532555,07-06-2019,135.15
532555,10-06-2019,135
532555,11-06-2019,135.3
532555,12-06-2019,134.4
532555,13-06-2019,134.9
532555,14-06-2019,132.75
532555,17-06-2019,132.25
532555,18-06-2019,132.4
532555,19-06-2019,134.65
532555,20-06-2019,134.55
532555,21-06-2019,134.55
532555,24-06-2019,135.6
532555,25-06-2019,138.45
532555,26-06-2019,140.05
532555,27-06-2019,140.15
532555,28-06-2019,141.35
532555,01-07-2019,142.55
532555,02-07-2019,142.95
532555,03-07-2019,143.25
532555,04-07-2019,143.45
532555,05-07-2019,136.5
532555,08-07-2019,129.6
532555,09-07-2019,129.55
532555,10-07-2019,129.05
532555,11-07-2019,128.95
532555,12-07-2019,127.8
532555,15-07-2019,127.95
532555,16-07-2019,130.95
532555,17-07-2019,129.1
532555,18-07-2019,127.05
532555,19-07-2019,129.9
532555,22-07-2019,130.85
532555,23-07-2019,133.05
532555,24-07-2019,131.85
532555,25-07-2019,129.75
532555,26-07-2019,128.8
532555,29-07-2019,127.3
532555,30-07-2019,127.2
532555,31-07-2019,126.55
532555,01-08-2019,126.85
532555,02-08-2019,123.1
532555,05-08-2019,121
532555,06-08-2019,123.35
532555,07-08-2019,123.05
532555,08-08-2019,124.65
532555,09-08-2019,123.9
532555,13-08-2019,117.15
532555,14-08-2019,117.6
532555,16-08-2019,117.8
532555,19-08-2019,118.9
532555,20-08-2019,117.95
532555,21-08-2019,117.9
532555,22-08-2019,114.75
532555,23-08-2019,118.5
532555,26-08-2019,120.05
532555,27-08-2019,123.2
532555,28-08-2019,119.9
532555,29-08-2019,123.1
532555,30-08-2019,121.65
532555,03-09-2019,117.65
532555,04-09-2019,119.45
532555,05-09-2019,123.45
532555,06-09-2019,127
532555,09-09-2019,126.35
532555,11-09-2019,124.5
532555,12-09-2019,122.25
532555,13-09-2019,124.05
532555,16-09-2019,123.25
532555,17-09-2019,120.9
532555,18-09-2019,122.5
532555,19-09-2019,121.7
532555,20-09-2019,119.85
532555,23-09-2019,116.05
532555,24-09-2019,115.15
532555,25-09-2019,116.9
532555,26-09-2019,116.55
532555,27-09-2019,117.05
532555,30-09-2019,117.5
532555,01-10-2019,117.05
532555,03-10-2019,116.75
532555,04-10-2019,117.4
532555,07-10-2019,115.95
532555,09-10-2019,117.25
532555,10-10-2019,117.25
532555,11-10-2019,116.7
532555,14-10-2019,117.75
532555,15-10-2019,119.4
532555,16-10-2019,117.4
532555,17-10-2019,118.7
532555,18-10-2019,121.05
532555,22-10-2019,120.9
532555,23-10-2019,121.05
532555,24-10-2019,120.2
532555,25-10-2019,118.5
532555,27-10-2019,118.8
532555,29-10-2019,119.9
532555,30-10-2019,120.95
532555,31-10-2019,122.4
532555,01-11-2019,121.5
532555,04-11-2019,120.55
532555,05-11-2019,120.6
532555,06-11-2019,120.65
532555,07-11-2019,119.55
532555,08-11-2019,117.4
532555,11-11-2019,118.25
532555,13-11-2019,118.3
532555,14-11-2019,118.55
532555,15-11-2019,117.35
532555,18-11-2019,117.45
532555,19-11-2019,117.35
532555,20-11-2019,117.05
532555,21-11-2019,115.3
532555,22-11-2019,117.8
532555,25-11-2019,118.1
532555,26-11-2019,116.65
532555,27-11-2019,115.75
532555,28-11-2019,115.55
532555,29-11-2019,116.35
532555,02-12-2019,115.3
532555,03-12-2019,114.55
532555,04-12-2019,114.8
532555,05-12-2019,114.1
532555,06-12-2019,112.65
532555,09-12-2019,112.7
532555,10-12-2019,110
532555,11-12-2019,113
532555,12-12-2019,114.45
532555,13-12-2019,115.65
532555,16-12-2019,114.95
532555,17-12-2019,115.55
532555,18-12-2019,114.15
532555,19-12-2019,114.05
532555,20-12-2019,114.7
532555,23-12-2019,114.6
532555,24-12-2019,115.2
532555,26-12-2019,116.4
532555,27-12-2019,116.85
532555,30-12-2019,116.55
532555,31-12-2019,119.05
532555,01-01-2020,121.55
532555,02-01-2020,121.4
532555,03-01-2020,119.35
532555,06-01-2020,118.9
532555,07-01-2020,120.55
532555,08-01-2020,119.95
532555,09-01-2020,119.35
532555,10-01-2020,120.3
532555,13-01-2020,121.75
532555,14-01-2020,123.5